Date	Wtemp_Max
2001-04-04	11.7
2001-04-05	11.8
2001-04-06	11.2
2001-04-07	14.9
2001-04-08	12.8
2001-04-09	16.3
2001-04-10	15.2
2001-04-11	14
2001-04-12	16.5
2001-04-13	14.7
2001-04-14	14.6
2001-04-15	16.6
2001-04-16	14.9
2001-04-17	14.4
2001-04-18	13.9
2001-04-19	14
2001-04-20	14.7
2001-04-21	15.4
2001-04-22	15.9
2001-04-23	15.9
2001-04-24	16.4
2001-04-25	20
2001-04-26	16.6
2001-04-27	16.4
2001-04-28	16.6
2001-04-29	16.7
2001-04-30	17.1
2001-05-01	17.5
2001-05-02	18.2
2001-05-03	19.5
2001-05-04	17.9
2001-05-05	19
2001-05-06	21.6
2001-05-07	21
2001-05-08	19.7
2001-05-09	19.7
2001-05-10	20
2001-05-11	20.4
2001-05-12	20.5
2001-05-13	21.1
2001-05-14	21.2
2001-05-15	21.8
2001-05-16	22
2001-05-17	23
2001-05-18	26.4
2001-05-19	23.3
2001-05-20	22.9
2001-05-21	22.8
2001-05-22	20.9
2001-05-23	21.2
2001-05-24	20.3
2001-05-25	20
2001-05-26	21
2001-05-27	20.6
2001-05-28	22.6
2001-05-29	20.1
2001-05-30	20.5
2001-05-31	20.4
2001-06-01	20.5
2001-06-02	20.8
2001-06-03	19.5
2001-06-04	20.5
2001-06-05	20.3
2001-06-06	20.6
2001-06-07	25.2
2001-06-08	25.1
2001-06-09	22.4
2001-06-10	22.2
2001-06-11	22.9
2001-06-12	22.5
2001-06-13	23.3
2001-06-14	24.4
2001-06-15	24.5
2001-06-16	24.2
2001-06-17	24.1
2001-06-18	24.1
2001-06-19	24.8
2001-06-20	24.4
2001-06-21	24.9
2001-06-22	27.2
2001-06-23	24.9
2001-06-24	24.6
2001-06-25	24.6
2001-06-26	24.9
2001-06-27	24.7
2001-06-28	25.8
2001-06-29	25.5
2001-06-30	25.6
2001-07-01	27.2
2001-07-02	26.3
2001-07-03	26.5
2001-07-04	31.1
2001-07-07	27.3
2001-07-08	27.3
2001-07-09	28.3
2001-07-10	28.2
2001-07-11	27.2
2001-07-12	29.2
2001-07-13	28.4
2001-07-14	27.5
2001-07-15	26.9
2001-07-16	27.2
2001-07-17	27.5
2001-07-18	28
2001-07-19	27.7
2001-07-20	27.8
2001-07-21	28.4
2001-07-22	28.3
2001-07-23	28.2
2001-07-24	28.4
2001-07-25	28.5
2001-07-26	27.8
2001-07-27	27.9
2001-07-28	28.8
2001-07-29	28.7
2001-07-30	28.2
2001-07-31	28.1
2001-08-01	28.4
2001-08-02	29.4
2001-08-03	29.6
2001-08-04	29.2
2001-08-05	29.4
2001-08-06	31.8
2001-08-07	31.3
2001-08-08	29.8
2001-08-09	29.1
2001-08-10	28.3
2001-08-11	28.5
2001-08-12	30.3
2001-08-13	29.5
2001-08-14	27.5
2001-08-15	27.7
2001-08-16	30.7
2001-08-17	27.9
2001-08-18	28.8
2001-08-19	27
2001-08-20	26.8
2001-08-21	26.6
2001-08-22	26.3
2001-08-23	26.5
2001-08-24	26.3
2001-08-25	27.4
2001-08-26	27.1
2001-08-27	29.4
2001-08-28	28
2001-08-29	26.8
2001-08-30	26.6
2001-08-31	26.8
2001-09-01	27.9
2001-09-02	26.5
2001-09-03	27.3
2001-09-04	27.8
2001-09-05	26
2001-09-06	25.6
2001-09-07	25.6
2001-09-08	25.1
2001-09-09	24.8
2001-09-10	24.3
2001-09-11	23.9
2001-09-12	24
2001-09-13	23.4
2001-09-14	23.2
2001-09-15	23.4
2001-09-16	22.7
2001-09-17	22.8
2001-09-18	22.5
2001-09-19	25.2
2001-09-20	23.3
2001-09-21	22.7
2001-09-22	22.8
2001-09-23	22.6
2001-09-24	21.5
2001-09-25	21.6
2001-09-26	21
2001-09-27	20.9
2001-09-28	20
2001-09-29	20.4
2001-09-30	23.2
2001-10-01	20.8
2001-10-02	20
2001-10-03	19.9
2001-10-04	21
2001-10-05	19.4
2001-10-06	18.4
2001-10-07	18
2001-10-08	17.5
2001-10-09	17.2
2001-10-10	17.5
2001-10-11	17.7
2001-10-12	17.2
2001-10-13	17.6
2001-10-14	16.6
2001-10-15	16.1
2001-10-16	17.2
2001-10-17	14.7
2001-10-18	15.5
2001-10-19	17
2001-10-20	15
2001-10-21	15.5
2001-10-22	15.6
2001-10-23	16.9
2001-10-24	15.6
2001-10-25	15.1
2001-10-26	15.4
2001-10-27	14
2001-10-28	13.7
2001-10-29	13.8
2001-10-30	13.7
2001-10-31	13.6
2001-11-01	15.2
2001-11-02	13.9
2001-11-03	15
2001-11-04	17.7
2001-11-05	14.6
2001-11-06	14.8
2001-11-07	14.8
2001-11-08	14.6
2001-11-09	13.9
2001-11-10	15.7
2001-11-11	14.5
2001-11-12	13.4
2001-11-13	13.5
2001-11-14	13.9
2001-11-15	15.8
2001-11-16	14.7
2001-11-17	13.8
2001-11-18	14
2001-11-19	13.6
2001-11-20	12.7
2001-11-21	12.2
2001-11-22	12.2
2001-11-23	12
2001-11-24	11.7
2001-11-25	11.1
2001-11-26	11
2001-11-27	9.4
2001-11-28	8.1
2001-11-29	7.2
2001-11-30	6.8
2001-12-01	6.9
2001-12-02	6.7
2001-12-03	7.1
2001-12-04	7.8
2001-12-05	10
2001-12-06	10.3
2001-12-07	9.5
2001-12-08	8.6
2001-12-09	8.3
2001-12-10	8
2001-12-11	7.7
2001-12-12	7.6
2001-12-13	7.2
2001-12-14	7
2001-12-15	6.8
2001-12-16	6.6
2001-12-17	7.6
2001-12-18	6.8
2001-12-19	6.6
2001-12-20	6.5
2001-12-21	5.9
2001-12-22	5.9
2001-12-23	5.5
2001-12-24	4.8
2001-12-25	4.5
2001-12-26	3.2
2001-12-27	3.1
2001-12-28	3.3
2001-12-29	2.8
2001-12-30	2.4
2002-02-16	3.3
2002-02-17	3.7
2002-02-18	4
2002-02-19	5.1
2002-02-20	6.3
2002-02-21	7.2
2002-02-22	6.2
2002-02-23	5.9
2002-02-24	6.7
2002-02-25	6.5
2002-02-26	4.1
2002-02-27	2.9
2002-02-28	3.3
2002-03-01	3.4
2002-03-02	2.6
2002-03-03	0.2
2002-03-04	0.8
2002-03-05	1.2
2002-03-06	1.8
2002-03-07	2.4
2002-03-08	3.2
2002-03-09	3.2
2002-03-10	3.1
2002-03-11	3.8
2002-03-13	5
2002-03-14	6.8
2002-03-15	6.5
2002-03-16	5.7
2002-03-17	7.2
2002-03-18	5.7
2002-03-19	6.4
2002-03-20	8.8
2002-03-21	6.4
2002-03-22	6.4
2002-03-23	6.1
2002-03-24	7.6
2002-03-25	6.5
2002-03-26	7.6
2002-03-27	6.4
2002-03-30	8.1
2002-03-31	11.6
2002-04-01	8.9
2002-04-02	9.5
2002-04-03	9.4
2002-04-04	9.1
2002-04-05	9
2002-04-06	9
2002-04-07	9.1
2002-04-08	10
2002-04-09	9.6
2002-04-10	10.2
2002-04-11	11.6
2002-04-12	12.7
2002-04-13	13.3
2002-04-14	13.4
2002-04-15	14
2002-04-16	15.4
2002-04-17	16.1
2002-04-18	17.6
2002-04-19	18.2
2002-04-20	16.9
2002-04-21	16.9
2002-04-22	16.8
2002-04-23	16.5
2002-04-24	16.9
2002-04-25	16.3
2002-04-26	15.8
2002-04-27	15.8
2002-04-28	17.4
2002-04-29	17
2002-04-30	18
2002-05-01	17
2002-05-02	16.5
2002-05-03	16.6
2002-05-04	15.7
2002-05-05	16.5
2002-05-06	18.8
2002-05-07	18.2
2002-05-08	18.7
2002-05-09	20.4
2002-05-10	18.4
2002-05-11	18.6
2002-05-12	18.5
2002-05-13	19.9
2002-05-14	18.7
2002-05-15	18.3
2002-05-16	18.5
2002-05-17	18.3
2002-05-18	20.3
2002-05-19	18.2
2002-05-20	17.8
2002-05-21	18.8
2002-05-22	18.1
2002-05-23	18.5
2002-05-24	18.1
2002-05-25	20.5
2002-05-26	18
2002-05-27	18.4
2002-05-28	18.9
2002-05-29	21.2
2002-05-30	24.4
2002-05-31	21.5
2002-06-01	21.7
2002-06-02	20.5
2002-06-03	21.2
2002-06-04	21.3
2002-06-05	21.3
2002-06-06	22.3
2002-06-07	21.9
2002-06-08	22.4
2002-06-09	22.9
2002-06-10	23.3
2002-06-11	24.1
2002-06-12	24
2002-06-13	24.3
2002-06-14	25
2002-06-15	24
2002-06-16	25
2002-06-17	24.3
2002-06-18	23.6
2002-06-19	23.2
2002-06-20	23.1
2002-06-21	24.1
2002-06-22	24.4
2002-06-23	24.5
2002-06-24	24.4
2002-06-25	25.2
2002-06-26	28
2002-06-27	26.4
2002-06-28	26.2
2002-06-29	26.1
2002-06-30	25.6
2002-07-01	25.2
2002-07-02	25.6
2002-07-03	25.2
2002-07-04	26.3
2002-07-05	26
2002-07-06	25.7
2002-07-07	26.6
2002-07-08	29.8
2002-07-09	29
2002-07-10	30.7
2002-07-11	28.7
2002-07-12	27.5
2002-07-13	27.1
2002-07-14	28.2
2002-07-15	27
2002-07-16	26.7
2002-07-17	27.3
2002-07-18	27.8
2002-07-19	28.1
2002-07-20	27.9
2002-07-21	27.4
2002-07-22	27.7
2002-07-23	27.2
2002-07-24	27.5
2002-07-25	27.7
2002-07-26	27.3
2002-07-27	27.9
2002-07-28	27.6
2002-07-29	27.7
2002-07-30	27.9
2002-07-31	28.2
2002-08-01	29.4
2002-08-02	28.2
2002-08-03	28.1
2002-08-04	28.2
2002-08-07	29.8
2002-08-08	29.6
2002-08-09	28.1
2002-08-10	27.8
2002-08-11	27.5
2002-08-12	27.4
2002-08-13	26.5
2002-08-14	25.9
2002-08-15	25.7
2002-08-16	25.5
2002-08-17	25.2
2002-08-18	26
2002-08-19	25.4
2002-08-20	25.7
2002-08-21	25.9
2002-08-22	26.1
2002-08-23	27.1
2002-08-24	26.3
2002-08-25	26.6
2002-08-26	26.7
2002-08-27	26
2002-08-28	27.8
2002-08-29	26.4
2002-08-30	25.9
2002-08-31	26.3
2002-09-01	26.2
2002-09-02	26.8
2002-09-03	26.8
2002-09-04	27.1
2002-09-05	26.9
2002-09-06	27.1
2002-09-07	26.8
2002-09-08	26.2
2002-09-09	26.1
2002-09-10	27.2
2002-09-11	27.3
2002-09-12	25.7
2002-09-13	25.3
2002-09-14	24.9
2002-09-15	24.5
2002-09-16	24.2
2002-09-17	23.7
2002-09-18	23.6
2002-09-19	23.2
2002-09-20	23.2
2002-09-21	25.4
2002-09-22	22.6
2002-09-23	24.1
2002-09-24	21.6
2002-09-25	21.1
2002-09-26	23.5
2002-09-27	22.3
2002-09-28	20.7
2002-09-29	20.8
2002-09-30	20.8
2002-10-01	20.9
2002-10-02	21
2002-10-03	20.6
2002-10-04	20
2002-10-05	19.7
2002-10-06	19.5
2002-10-07	19.1
2002-10-08	18.8
2002-10-09	18.5
2002-10-10	18.5
2002-10-11	18
2002-10-12	17.8
2002-10-13	18.6
2002-10-14	17.6
2002-10-15	16.9
2002-10-16	16.2
2002-10-17	16.8
2002-10-18	15.5
2002-10-19	15.4
2002-10-20	14.8
2002-10-21	14.5
2002-10-22	14.3
2002-10-23	14
2002-10-24	13
2002-10-25	12.3
2002-10-26	11.9
2002-10-27	11.5
2002-10-28	11.4
2002-10-29	11.2
2002-10-30	11.1
2002-10-31	10.3
2002-11-01	9.9
2002-11-02	9.4
2002-11-03	9.4
2002-11-04	9.2
2002-11-05	9.2
2002-11-06	9.7
2002-11-07	9.1
2002-11-08	9.8
2002-11-09	9.8
2002-11-10	10.6
2002-11-11	10.6
2002-11-12	10.1
2002-11-13	9.7
2002-11-14	9.7
2002-11-15	9.8
2002-11-16	10.2
2002-11-17	9.5
2002-11-18	9.6
2002-11-19	9.3
2002-11-20	9.7
2002-11-21	9.9
2002-11-22	9.2
2002-11-23	9.2
2002-11-24	9
2002-11-25	8.4
2002-11-26	8
2002-11-27	7
2002-11-28	6.7
2002-11-29	6.9
2002-11-30	6.6
2002-12-01	6.3
2002-12-02	6.2
2002-12-03	6.1
2002-12-04	5.2
2002-12-05	4.7
2002-12-06	4.4
2002-12-07	4.3
2002-12-08	4.2
2002-12-09	4.4
2002-12-10	4.2
2002-12-11	4.2
2002-12-12	4.3
2002-12-13	4.5
2002-12-14	5.8
2002-12-15	4.7
2002-12-16	5.1
2002-12-17	4.7
2002-12-18	5.1
2002-12-19	5.2
2002-12-20	4.9
2002-12-21	5
2002-12-22	4.6
2002-12-23	4.4
2002-12-24	3.9
2002-12-25	3.1
2002-12-26	3.2
2002-12-27	3.1
2002-12-28	3
2002-12-29	3.2
2002-12-30	3.4
2002-12-31	3.3
2003-01-01	3.2
2003-01-02	2.7
2003-01-03	3.1
2003-01-04	3.4
2003-01-05	3.2
2003-01-06	3
2003-01-07	3
2003-01-08	3.4
2003-01-09	3.4
2003-01-10	3
2003-01-11	2.8
2003-01-12	3
2003-01-13	3
2003-01-14	2.9
2003-01-15	2.6
2003-01-16	2.4
2003-01-17	1
2003-01-18	1.1
2003-01-19	1.5
2003-01-20	1.8
2003-01-21	1.7
2003-01-22	1.4
2003-01-23	0.5
2003-01-24	0.5
2003-01-25	0.6
2003-01-26	0.7
2003-01-27	0.9
2003-01-28	1.1
2003-01-29	1
2003-01-30	1.2
2003-01-31	1.2
2003-02-01	1.4
2003-02-02	1.9
2003-02-03	2.1
2003-02-04	2
2003-02-05	2
2003-02-06	1.9
2003-02-07	1.1
2003-02-08	1.1
2003-02-09	1
2003-02-10	1.3
2003-02-11	1.5
2003-02-12	1.8
2003-02-13	1.9
2003-02-14	2.8
2003-02-15	3.3
2003-02-16	2.4
2003-02-17	2.4
2003-02-18	2.5
2003-02-19	3
2003-02-20	3.1
2003-02-21	3.1
2003-02-22	3.4
2003-02-23	3.2
2003-02-24	1.8
2003-02-25	1.5
2003-02-26	1.6
2003-02-27	1.6
2003-02-28	1.6
2003-03-01	1.6
2003-03-02	2
2003-03-03	2.1
2003-03-04	2.1
2003-03-05	1.6
2003-03-06	1.6
2003-03-07	2
2003-03-08	2.6
2003-03-09	2.1
2003-03-10	2.4
2003-03-11	2.4
2003-03-12	2.5
2003-03-13	3
2003-03-14	3.5
2003-03-15	4.1
2003-03-16	5.1
2003-03-17	6.4
2003-03-18	6.3
2003-03-20	9
2003-03-21	8.8
2003-03-22	10.5
2003-03-23	8.9
2003-03-24	13.1
2003-03-25	10.5
2003-03-26	10.5
2003-03-27	10.2
2003-03-28	9.9
2003-03-29	9.3
2003-03-30	10.1
2003-03-31	10.2
2003-04-01	10.2
2003-04-02	10.7
2003-04-03	11.5
2003-04-04	13.6
2003-04-05	11.6
2003-04-06	11.3
2003-04-07	10.9
2003-04-08	10.4
2003-04-09	12.6
2003-04-10	10.4
2003-04-11	11
2003-04-12	13.9
2003-04-13	11.9
2003-04-14	12.7
2003-04-15	13.3
2003-04-16	14.9
2003-04-17	15.9
2003-04-18	14.2
2003-04-19	14.5
2003-04-20	14.7
2003-04-21	16.4
2003-04-22	15.8
2003-04-23	14.7
2003-04-24	15.2
2003-04-25	15
2003-04-26	14.8
2003-04-27	16.2
2003-04-28	16.3
2003-04-29	15.8
2003-04-30	17.7
2003-05-01	17.4
2003-05-02	17.2
2003-05-03	17.5
2003-05-04	17.8
2003-05-05	21.4
2003-05-06	19.3
2003-05-07	18.9
2003-05-08	18.1
2003-05-09	22.3
2003-05-10	19.9
2003-05-11	19.2
2003-05-12	19
2003-05-13	18.8
2003-05-14	22.1
2003-05-15	18.8
2003-05-16	18.6
2003-05-17	19.8
2003-05-18	19.7
2003-05-19	19
2003-05-20	18.5
2003-05-21	21.4
2003-05-22	18.9
2003-05-23	21.9
2003-05-24	23
2003-05-25	20.8
2003-05-26	20.5
2003-05-27	21.3
2003-05-28	24.5
2003-05-29	23.6
2003-05-30	24.8
2003-05-31	23.2
2003-06-01	22.1
2003-06-02	22.3
2003-06-05	21.4
2003-06-06	22.7
2003-06-07	22
2003-06-08	22.6
2003-06-09	22
2003-06-10	22.1
2003-06-11	22.3
2003-06-12	25.3
2003-06-13	23.5
2003-06-14	23.7
2003-06-15	25.7
2003-06-16	24.4
2003-06-17	25.6
2003-06-18	28.5
2003-06-19	26.2
2003-06-20	25.5
2003-06-21	23.4
2003-06-22	23.6
2003-06-23	24.5
2003-06-24	24.9
2003-06-25	26
2003-06-26	26.1
2003-06-27	25.2
2003-06-28	25
2003-06-29	25.5
2003-06-30	24.9
2003-07-01	24.9
2003-07-02	25.4
2003-07-03	25.9
2003-07-04	25.9
2003-07-05	26
2003-07-06	26.1
2003-07-07	26.1
2003-07-08	26.4
2003-07-09	26.6
2003-07-10	30.9
2003-07-11	29
2003-07-12	27.1
2003-07-13	26.7
2003-07-14	27.5
2003-07-15	27
2003-07-16	27.4
2003-07-17	27.8
2003-07-18	29.4
2003-07-19	29.5
2003-07-20	28.5
2003-07-21	28
2003-07-22	27.9
2003-07-23	28.6
2003-07-24	26.9
2003-07-25	27
2003-07-26	27.6
2003-07-27	28.2
2003-07-28	30.1
2003-07-29	29.1
2003-07-30	32.3
2003-07-31	29.6
2003-08-01	27.5
2003-08-02	30
2003-08-03	27.5
2003-08-04	27
2003-08-05	32.8
2003-08-06	30.4
2003-08-07	28.4
2003-08-08	27.7
2003-08-09	30.5
2003-08-10	30.5
2003-08-11	28.9
2003-08-12	28.6
2003-08-13	27.6
2003-08-14	27.2
2003-08-15	28.1
2003-08-16	29.7
2003-08-17	28
2003-08-18	27.3
2003-08-19	27.1
2003-08-20	27.3
2003-08-21	29.2
2003-08-22	28.4
2003-08-23	31.2
2003-08-24	31.5
2003-08-25	28.6
2003-08-26	28.4
2003-08-27	27.9
2003-08-28	27.7
2003-08-29	27.7
2003-08-30	26.6
2003-08-31	25.5
2003-09-01	24.6
2003-09-02	25.3
2003-09-03	25.2
2003-09-04	24.9
2003-09-05	24.7
2003-09-06	24.4
2003-09-07	24.2
2003-09-08	23.6
2003-09-09	23.7
2003-09-10	23.8
2003-09-11	23.6
2003-09-12	24.9
2003-09-13	22.6
2003-09-14	24.4
2003-09-15	22.1
2003-09-16	21.8
2003-09-17	21.6
2003-09-18	21.4
2003-09-19	22.5
2003-09-20	20.9
2003-09-21	20.4
2003-09-22	21.8
2003-09-23	20.4
2003-09-24	21.8
2003-09-25	20.4
2003-09-26	21.2
2003-09-27	20.6
2003-09-28	20.3
2003-09-29	19.6
2003-09-30	19.1
2003-10-01	20.3
2003-10-02	17.8
2003-10-03	18.2
2003-10-04	17.8
2003-10-05	18.2
2003-10-06	20.2
2003-10-07	17.6
2003-10-08	17.2
2003-10-09	18.3
2003-10-10	18
2003-10-11	17.7
2003-10-12	17.3
2003-10-13	17
2003-10-14	17.2
2003-10-15	16.7
2003-10-16	17.7
2003-10-17	16.2
2003-10-18	16.3
2003-10-19	16.9
2003-10-20	16.7
2003-10-21	20.4
2003-10-22	19.4
2003-10-23	17.9
2003-10-24	18.1
2003-10-25	16.8
2003-10-26	15.9
2003-10-27	16
2003-10-28	15.4
2003-10-29	15
2003-10-30	14.8
2003-10-31	14.4
2003-11-01	13.7
2003-11-02	14
2003-11-03	13.6
2003-11-04	13.5
2003-11-05	12.6
2003-11-06	11.5
2003-11-07	10.9
2003-11-08	10.5
2003-11-09	10.6
2003-11-10	10.3
2003-11-11	11.2
2003-11-12	10.8
2003-11-13	10.1
2003-11-14	9.8
2003-11-15	10.5
2003-11-16	9.7
2003-11-17	10
2003-11-18	10.8
2003-11-19	11.8
2003-11-20	10.2
2003-11-21	10.1
2003-11-22	9.6
2003-11-23	9.1
2003-11-24	7.5
2003-11-25	7.2
2003-11-26	7.6
2003-11-27	7.2
2003-11-28	6.3
2003-11-29	6
2003-11-30	7.5
2003-12-01	6
2003-12-02	5.8
2003-12-03	5.8
2003-12-04	6.1
2003-12-05	5.2
2003-12-06	4.7
2003-12-07	4.7
2003-12-08	4.9
2003-12-09	4.8
2003-12-10	3.2
2003-12-11	3.1
2003-12-12	2.7
2003-12-13	2.1
2003-12-14	2
2003-12-15	2.2
2003-12-16	2
2003-12-17	1.6
2003-12-18	2
2003-12-19	1.9
2003-12-20	2.2
2003-12-21	2.2
2003-12-22	2.6
2003-12-23	2.6
2003-12-24	2.7
2003-12-25	2.7
2003-12-26	2.9
2003-12-27	3.5
2003-12-28	3.4
2003-12-29	3.6
2003-12-30	3.5
2003-12-31	3.4
2004-01-01	3.7
2004-01-02	4.1
2004-01-03	4
2004-01-04	3.7
2004-01-05	2.7
2004-01-06	1.1
2004-01-07	1.1
2004-01-08	1.3
2004-01-09	0.9
2004-01-10	1.2
2004-01-11	1.2
2004-01-12	1.3
2004-01-13	1.4
2004-01-14	1.6
2004-01-15	1.8
2004-01-16	2.1
2004-01-17	2.7
2004-01-18	2.4
2004-01-19	2.1
2004-01-20	2.1
2004-01-21	2
2004-01-22	2.2
2004-01-23	2.2
2004-01-24	2.4
2004-01-25	2.4
2004-01-26	2.3
2004-01-27	0.8
2004-01-28	0.8
2004-01-29	0.4
2004-01-30	0.3
2004-01-31	0.3
2004-02-01	0.2
2004-02-02	0.4
2004-02-03	0.4
2004-02-04	0.5
2004-02-05	0.5
2004-02-06	0.5
2004-02-07	0.6
2004-02-08	0.7
2004-02-09	0.8
2004-02-10	0.9
2004-02-11	1.3
2004-02-12	1.3
2004-02-13	1.5
2004-02-14	1.7
2004-02-15	1.8
2004-02-16	1.9
2004-02-17	2.1
2004-02-18	2.3
2004-02-19	2.6
2004-02-20	1.7
2004-02-21	2.7
2004-02-22	2.9
2004-02-23	3.6
2004-02-24	3.3
2004-02-25	3.3
2004-02-26	3.4
2004-02-27	3.6
2004-02-28	4.3
2004-02-29	4.6
2004-03-01	5
2004-03-02	5.4
2004-03-03	5.4
2004-03-04	5.3
2004-03-05	5.6
2004-03-06	5.6
2004-03-07	6.5
2004-03-08	8.9
2004-03-09	8.5
2004-03-10	7.2
2004-03-11	8.5
2004-03-12	7.5
2004-03-13	7.4
2004-03-14	8.4
2004-03-15	8.7
2004-03-16	8.6
2004-03-17	10.4
2004-03-18	9.9
2004-03-19	9.4
2004-03-20	10.2
2004-03-21	10.3
2004-03-22	9.6
2004-03-23	10.1
2004-03-24	10.7
2004-03-25	11.3
2004-03-26	12.1
2004-03-27	12.7
2004-03-28	16.2
2004-03-29	15.8
2004-03-30	15.1
2004-03-31	16.6
2004-04-01	13.3
2004-04-02	13.2
2004-04-03	14
2004-04-04	13.9
2004-04-05	14.1
2004-04-06	13.8
2004-04-07	18.7
2004-04-08	18
2004-04-09	14.7
2004-04-10	13.3
2004-04-11	14
2004-04-12	12.9
2004-04-13	15.6
2004-04-14	14.3
2004-04-15	13.7
2004-04-16	13.9
2004-04-17	14.3
2004-04-18	15
2004-04-19	15.8
2004-04-20	16.8
2004-04-21	16.6
2004-04-22	15.7
2004-04-23	15.6
2004-04-24	15.9
2004-04-25	20.2
2004-04-26	18.2
2004-04-27	17.1
2004-04-28	16.8
2004-04-29	16.8
2004-04-30	16.6
2004-05-01	16.1
2004-05-02	16.5
2004-05-03	15.7
2004-05-04	18.9
2004-05-05	16.3
2004-05-06	17.1
2004-05-07	17.8
2004-05-08	18.5
2004-05-09	18.4
2004-05-10	18.6
2004-05-11	19.3
2004-05-12	20
2004-05-13	19.1
2004-05-14	18.7
2004-05-15	18.4
2004-05-16	18.6
2004-05-17	19.2
2004-05-18	19.8
2004-05-19	20.3
2004-05-20	21.4
2004-05-21	21.3
2004-05-22	21.9
2004-05-23	24.4
2004-05-24	23
2004-05-25	22.7
2004-05-26	22.9
2004-05-27	23.9
2004-05-28	22.9
2004-05-29	22.5
2004-05-30	22.9
2004-05-31	22.6
2004-06-01	24.3
2004-06-02	22
2004-06-03	23.1
2004-06-04	21.9
2004-06-05	21.8
2004-06-06	23.4
2004-06-07	22.8
2004-06-08	22.8
2004-06-09	22.7
2004-06-10	22.9
2004-06-11	25.1
2004-06-12	23.9
2004-06-13	23.8
2004-06-14	24.7
2004-06-15	24.8
2004-06-16	25.8
2004-06-17	26.9
2004-06-18	25.8
2004-06-19	24.6
2004-06-20	23.9
2004-06-21	26.6
2004-06-22	25.3
2004-06-23	26
2004-06-24	25.3
2004-06-25	24.5
2004-06-26	23.4
2004-06-27	24.7
2004-06-28	24
2004-06-29	23.4
2004-06-30	23.4
2004-07-01	24.2
2004-07-02	25.7
2004-07-03	27
2004-07-04	25.4
2004-07-05	26.9
2004-07-06	26.9
2004-07-07	25.9
2004-07-08	25.6
2004-07-09	25.5
2004-07-10	25.6
2004-07-11	26.1
2004-07-12	26.9
2004-07-13	28.9
2004-07-14	28.4
2004-07-15	28.9
2004-07-16	28.5
2004-07-17	28.4
2004-07-18	30.4
2004-07-19	28.5
2004-07-20	28.4
2004-07-21	28.1
2004-07-22	27.8
2004-07-23	27.2
2004-07-24	26.1
2004-07-25	25.4
2004-07-26	26.6
2004-07-27	24.6
2004-07-28	24
2004-07-29	23.8
2004-07-30	26.8
2004-07-31	24.3
2004-08-01	24.9
2004-08-02	26
2004-08-03	25.8
2004-08-04	26.8
2004-08-05	26.1
2004-08-06	25.6
2004-08-07	25.4
2004-08-08	25.6
2004-08-09	28.5
2004-08-10	26.6
2004-08-11	26.3
2004-08-12	25.6
2004-08-13	26.6
2004-08-14	25.3
2004-08-15	24.3
2004-08-17	25.6
2004-08-18	25.1
2004-08-19	24.6
2004-08-20	24.3
2004-08-21	23.7
2004-08-22	23.5
2004-08-23	23.6
2004-08-24	24.4
2004-08-25	24.8
2004-08-26	24.7
2004-08-27	27.2
2004-08-28	26.6
2004-08-29	25.3
2004-08-30	25.1
2004-08-31	24.8
2004-09-01	24.8
2004-09-02	24
2004-09-03	24
2004-09-04	24.3
2004-09-05	24.3
2004-09-06	24.9
2004-09-07	24.2
2004-09-08	24.8
2004-09-09	23.6
2004-09-10	23.5
2004-09-11	23.3
2004-09-12	23.4
2004-09-13	23.3
2004-09-14	23.2
2004-09-15	24.2
2004-09-16	23.2
2004-09-17	23.1
2004-09-18	23.5
2004-09-19	23.4
2004-09-20	23.2
2004-09-21	22.9
2004-09-22	22.7
2004-09-23	23.2
2004-09-24	23.3
2004-09-25	23.2
2004-09-26	22
2004-09-27	24
2004-09-28	23.3
2004-09-29	22.3
2004-09-30	21.8
2004-10-01	21.3
2004-10-02	21.1
2004-10-03	20
2004-10-04	19.8
2004-10-05	19.4
2004-10-06	19.1
2004-10-07	18.7
2004-10-08	19.4
2004-10-09	19.5
2004-10-10	18.6
2004-10-11	18.2
2004-10-12	17.6
2004-10-13	17.4
2004-10-14	16.7
2004-10-15	16.2
2004-10-16	16.1
2004-10-17	15.8
2004-10-18	16.4
2004-10-19	15.8
2004-10-20	15.4
2004-10-21	15.6
2004-10-22	15.9
2004-10-23	17.1
2004-10-24	16.1
2004-10-25	16
2004-10-26	15.9
2004-10-27	15.9
2004-10-28	16.5
2004-10-29	17.4
2004-10-30	17.1
2004-10-31	16.7
2004-11-01	16.5
2004-11-02	15.8
2004-11-03	14.8
2004-11-04	14
2004-11-05	13.6
2004-11-06	15
2004-11-07	14.3
2004-11-08	13.4
2004-11-09	13.3
2004-11-10	13.2
2004-11-11	12.8
2004-11-12	11.8
2004-11-13	11.2
2004-11-14	11.1
2004-11-15	10.9
2004-11-16	11.1
2004-11-17	11.2
2004-11-18	11.5
2004-11-19	11.7
2004-11-20	11.3
2004-11-21	10.9
2004-11-22	10.7
2004-11-23	10.6
2004-11-24	10
2004-11-25	9.4
2004-11-26	9.2
2004-11-27	9
2004-11-28	8.7
2004-11-29	8.4
2004-11-30	7.4
2004-12-01	7.5
2004-12-02	6.5
2004-12-03	6.5
2004-12-04	6.2
2004-12-05	6.2
2004-12-06	6.4
2004-12-07	6.5
2004-12-08	6.2
2004-12-09	6.4
2004-12-10	6.4
2004-12-11	5.9
2004-12-12	6.1
2004-12-13	5.8
2004-12-14	5.4
2004-12-15	5
2004-12-16	5
2004-12-17	5.1
2004-12-18	5.1
2004-12-19	4.8
2004-12-20	4.6
2004-12-21	4.5
2004-12-22	4
2004-12-23	2.5
2004-12-24	2.7
2004-12-25	1.6
2004-12-26	2
2004-12-27	2.2
2004-12-28	2.4
2004-12-29	2.5
2004-12-30	3.1
2004-12-31	3.3
2005-01-01	4
2005-01-02	4.8
2005-01-03	4
2005-01-04	3.6
2005-01-05	3
2005-01-06	1.4
2005-01-07	1.5
2005-01-08	1.6
2005-01-09	1.5
2005-01-10	1.3
2005-01-11	1.1
2005-01-12	1
2005-01-13	0.9
2005-01-14	0.5
2005-01-15	0.1
2005-01-16	0.3
2005-01-17	0.4
2005-01-18	0.5
2005-01-19	0.6
2005-01-20	0.8
2005-01-21	1
2005-01-22	1.2
2005-01-23	1.3
2005-01-24	1.4
2005-01-25	1.6
2005-01-26	1.8
2005-01-27	1.9
2005-01-28	2
2005-01-29	2
2005-01-30	1.9
2005-01-31	1.9
2005-02-01	1.9
2005-02-02	2.3
2005-02-03	2.5
2005-02-04	2.7
2005-02-05	2.8
2005-02-06	3.1
2005-02-07	3.2
2005-02-08	2.8
2005-02-09	2.2
2005-02-10	2.6
2005-02-11	2.6
2005-02-12	3
2005-02-13	4.5
2005-02-14	4.2
2005-02-15	6.5
2005-02-16	5.3
2005-02-17	5.6
2005-02-18	5.3
2005-02-19	5.1
2005-02-20	6.5
2005-02-21	6.9
2005-02-22	6.5
2005-02-23	5.9
2005-02-24	6.4
2005-02-25	7.5
2005-02-26	6.6
2005-02-27	6.6
2005-02-28	7.3
2005-03-01	6.9
2005-03-02	7
2005-03-03	9
2005-03-04	10.2
2005-03-05	10.8
2005-03-06	8.6
2005-03-07	9.8
2005-03-08	8.7
2005-03-09	9
2005-03-10	9.1
2005-03-11	8.7
2005-03-12	11.8
2005-03-13	9.9
2005-03-14	9.7
2005-03-15	9.2
2005-03-16	10.7
2005-03-17	8.9
2005-03-18	10.1
2005-03-19	10.3
2005-03-20	8.9
2005-03-21	9.2
2005-03-22	9.1
2005-03-23	8.8
2005-03-24	8.9
2005-03-25	8.6
2005-03-26	8.4
2005-03-27	10.7
2005-03-28	9.1
2005-03-29	9.2
2005-03-30	10.8
2005-03-31	10
2005-04-01	10.8
2005-04-02	10.3
2005-04-03	10.4
2005-04-04	11.2
2005-04-05	12.1
2005-04-06	12.8
2005-04-07	13.6
2005-04-08	13.1
2005-04-09	13.2
2005-04-10	13.7
2005-04-11	13.9
2005-04-12	14.2
2005-04-13	13.8
2005-04-14	14
2005-04-15	14
2005-04-16	14.5
2005-04-17	14.8
2005-04-18	15
2005-04-19	15.7
2005-04-20	16.6
2005-04-21	19.2
2005-04-22	18.2
2005-04-23	17.6
2005-04-24	18.6
2005-04-25	16.2
2005-04-26	15.9
2005-04-27	17.1
2005-04-28	15.7
2005-04-29	15
2005-04-30	15.1
2005-05-01	14.5
2005-05-02	15.2
2005-05-03	16.9
2005-05-04	14.7
2005-05-05	14.5
2005-05-06	14.9
2005-05-07	15.2
2005-05-08	16.1
2005-05-09	18.4
2005-05-10	17.6
2005-05-11	17.7
2005-05-12	18.8
2005-05-13	18.8
2005-05-14	21.5
2005-05-15	19.7
2005-05-16	18.9
2005-05-17	19
2005-05-18	22.1
2005-05-19	22.6
2005-05-20	21
2005-05-21	19.8
2005-05-22	21.4
2005-05-23	22.1
2005-05-24	21.7
2005-05-25	25.7
2005-05-26	24
2005-05-27	23.9
2005-05-28	23.2
2005-05-29	24.6
2005-05-30	22.9
2005-05-31	22
2005-06-01	22.4
2005-06-02	21.8
2005-06-03	22.1
2005-06-04	22.4
2005-06-05	24.4
2005-06-06	24.1
2005-06-07	23.1
2005-06-08	27.2
2005-06-09	25.1
2005-06-10	24.5
2005-06-11	24.9
2005-06-12	24.5
2005-06-13	24.5
2005-06-14	24.2
2005-06-15	23.9
2005-06-16	24.3
2005-06-17	23.7
2005-06-18	23.6
2005-06-19	24
2005-06-20	24.4
2005-06-21	25.9
2005-06-22	26
2005-06-23	24.9
2005-06-24	25.2
2005-06-25	25.7
2005-06-26	25.8
2005-06-27	25.6
2005-06-28	25.7
2005-06-29	25.8
2005-06-30	26.4
2005-07-01	26.3
2005-07-02	25.9
2005-07-03	26
2005-07-04	27.7
2005-07-05	26
2005-07-06	25.4
2005-07-07	25.5
2005-07-08	25.5
2005-07-09	25.9
2005-07-10	25.9
2005-07-11	28.8
2005-07-12	29.2
2005-07-13	27.7
2005-07-14	26.8
2005-07-15	27.7
2005-07-16	27.6
2005-07-17	27.2
2005-07-18	26.7
2005-07-19	26.8
2005-07-20	27.2
2005-07-21	27.9
2005-07-22	29
2005-07-23	28.9
2005-07-24	27.9
2005-07-25	27.6
2005-07-26	27.3
2005-07-27	26.6
2005-07-28	27.7
2005-07-29	25.7
2005-07-30	25.7
2005-07-31	26.1
2005-08-01	26.5
2005-08-02	26.7
2005-08-03	26.7
2005-08-04	28.2
2005-08-05	26.6
2005-08-06	27
2005-08-07	27
2005-08-08	27.2
2005-08-09	27.1
2005-08-10	27.7
2005-08-11	27.7
2005-08-12	28
2005-08-13	27.5
2005-08-14	26.6
2005-08-15	25.6
2005-08-16	25.2
2005-08-17	25.3
2005-08-18	26
2005-08-19	26.4
2005-08-20	26.3
2005-08-21	25.8
2005-08-22	25.5
2005-08-23	25.6
2005-08-24	25.2
2005-08-25	25.4
2005-08-26	29.3
2005-08-27	28
2005-08-28	26.6
2005-08-29	28.5
2005-08-30	27.5
2005-08-31	28
2005-09-01	26.5
2005-09-02	25.8
2005-09-03	26.2
2005-09-04	26
2005-09-05	25.6
2005-09-06	25.5
2005-09-07	25.3
2005-09-08	25.6
2005-09-09	25.3
2005-09-10	25
2005-09-11	24.7
2005-09-12	24.4
2005-09-13	26.2
2005-09-14	25.2
2005-09-15	23.8
2005-09-16	23.3
2005-09-17	23
2005-09-18	23.2
2005-09-19	24.3
2005-09-20	25.7
2005-09-21	23.9
2005-09-22	27.4
2005-09-23	24.4
2005-09-24	23.7
2005-09-25	26
2005-09-26	25.5
2005-09-27	23.7
2005-09-28	23.5
2005-09-29	22.5
2005-09-30	22
2005-10-01	21.5
2005-10-02	21.4
2005-10-03	21.6
2005-10-04	22
2005-10-05	21.8
2005-10-06	21
2005-10-07	20.2
2005-10-08	19.2
2005-10-09	18.9
2005-10-10	18.5
2005-10-11	18
2005-10-12	19.8
2005-10-13	19.5
2005-10-14	18.6
2005-10-15	18.2
2005-10-16	17.9
2005-10-17	19
2005-10-18	20.5
2005-10-19	19
2005-10-20	17.7
2005-10-21	17.3
2005-10-22	17.1
2005-10-23	16.6
2005-10-24	16
2005-10-25	17.5
2005-10-26	15.3
2005-10-27	14.6
2005-10-28	14.5
2005-10-29	14.2
2005-10-30	15.4
2005-10-31	14.6
2005-11-01	14.1
2005-11-02	13.7
2005-11-03	13.6
2005-11-04	13.6
2005-11-05	14.2
2005-11-06	13.7
2005-11-07	13.6
2005-11-08	13.8
2005-11-09	13.7
2005-11-10	13.1
2005-11-11	13
2005-11-12	13.3
2005-11-13	13.4
2005-11-14	12.8
2005-11-15	12.5
2005-11-16	10.9
2005-11-17	10.2
2005-11-18	10.6
2005-11-19	9.7
2005-11-20	9.1
2005-11-21	9.7
2005-11-22	9.5
2005-11-23	9.5
2005-11-24	9.3
2005-11-25	8.8
2005-11-26	8.8
2005-11-27	8.7
2005-11-28	8.6
2005-11-29	6.7
2005-11-30	6.7
2005-12-01	5.8
2005-12-02	5.5
2005-12-03	5.4
2005-12-04	4.5
2005-12-05	3.7
2005-12-06	2.9
2005-12-07	2.1
2005-12-08	0.5
2005-12-09	0.5
2005-12-10	0.7
2005-12-11	0.9
2005-12-12	1.1
2005-12-13	1.1
2006-01-07	4.4
2006-01-08	5.1
2006-01-09	4.9
2006-01-10	4.5
2006-01-11	4.3
2006-01-12	4.7
2006-01-13	4.5
2006-01-14	4.4
2006-01-15	4.7
2006-01-16	4.7
2006-01-17	4.3
2006-01-18	4.2
2006-01-19	5.1
2006-01-20	4.4
2006-01-21	4.1
2006-01-22	5
2006-01-23	4.5
2006-01-24	5
2006-01-25	4.6
2006-01-26	4.5
2006-01-27	4.8
2006-01-28	5.5
2006-01-29	6.1
2006-01-30	6.1
2006-01-31	5.7
2006-02-01	7.7
2006-02-02	6.8
2006-02-03	6.9
2006-02-04	6.1
2006-02-05	5.9
2006-02-06	5.8
2006-02-07	5.9
2006-02-08	5.6
2006-02-09	5.4
2006-02-10	5.1
2006-02-11	4.5
2006-02-12	3.6
2006-02-13	4.1
2006-02-14	4
2006-02-15	4.2
2006-02-16	4
2006-02-17	3.1
2006-02-18	2.1
2006-02-19	2.2
2006-02-20	1.8
2006-02-21	2
2006-02-22	2.1
2006-02-23	2.1
2006-02-24	2.8
2006-02-25	3
2006-02-26	3
2006-02-27	3.4
2006-02-28	3.5
2006-03-01	6.8
2006-03-02	6.9
2006-03-03	5.2
2006-03-04	5.3
2006-03-05	7.2
2006-03-06	6.4
2006-03-07	7
2006-03-08	8.7
2006-03-09	8.9
2006-03-10	8.2
2006-03-11	9.9
2006-03-12	8.8
2006-03-13	9.4
2006-03-14	9.5
2006-03-15	8.9
2006-03-16	9.5
2006-03-17	8.8
2006-03-18	8.5
2006-03-19	8.4
2006-03-20	8
2006-03-21	7.5
2006-03-22	6.9
2006-03-23	6.6
2006-03-24	7.9
2006-03-25	7
2006-03-26	6.8
2006-03-27	8.9
2006-03-28	9.1
2006-03-29	8.2
2006-03-30	10.2
2006-03-31	13.2
2006-04-01	11.7
2006-04-02	12.7
2006-04-03	13.4
2006-04-04	12.3
2006-04-05	12.5
2006-04-06	13.1
2006-04-07	13.3
2006-04-08	14.2
2006-04-09	12.7
2006-04-10	13.1
2006-04-11	13.6
2006-04-12	14.4
2006-04-13	14.5
2006-04-14	18.1
2006-04-15	16.2
2006-04-16	17.8
2006-04-17	17.1
2006-04-18	17.9
2006-04-19	19.6
2006-04-20	17.8
2006-04-21	18.7
2006-04-22	18.1
2006-04-23	18.5
2006-04-24	18.1
2006-04-25	17.8
2006-04-26	17.6
2006-04-27	16.9
2006-04-28	16.5
2006-04-29	16.4
2006-04-30	17.2
2006-05-01	17.1
2006-05-02	16.8
2006-05-03	17.5
2006-05-04	17.1
2006-05-05	16.6
2006-05-06	16.4
2006-05-07	16.3
2006-05-08	16.8
2006-05-09	20.6
2006-05-10	19.6
2006-05-11	17.7
2006-05-12	17.9
2006-05-13	18.2
2006-05-14	18.1
2006-05-15	18.2
2006-05-16	18.3
2006-05-17	19.8
2006-05-18	19.8
2006-05-19	18.8
2006-05-20	18.1
2006-05-21	20.3
2006-05-22	20.1
2006-05-23	20.3
2006-05-24	25
2006-05-25	25
2006-05-26	23.7
2006-05-27	22.3
2006-05-28	22.6
2006-05-29	23.8
2006-05-30	23.7
2006-05-31	24.2
2006-06-01	24.4
2006-06-02	24.1
2006-06-03	23.9
2006-06-04	23.8
2006-06-05	23.5
2006-06-06	25
2006-06-07	25.5
2006-06-08	25
2006-06-09	24.6
2006-06-10	24.7
2006-06-11	24.6
2006-06-12	25.7
2006-06-13	24.9
2006-06-14	24.5
2006-06-15	24.5
2006-06-16	24.4
2006-06-17	24.5
2006-06-18	25.6
2006-06-19	24.2
2006-06-20	24.4
2006-06-21	24.5
2006-06-22	26.6
2006-06-23	26
2006-06-24	26.4
2006-06-25	26.6
2006-06-26	26
2006-06-27	26.5
2006-06-28	25.2
2006-06-29	25.3
2006-06-30	25.5
2006-07-01	25.5
2006-07-02	25.3
2006-07-03	25.9
2006-07-04	26.2
2006-07-05	25.3
2006-07-06	25.2
2006-07-07	25.2
2006-07-08	25.1
2006-07-09	25
2006-07-10	25.7
2006-07-11	26.4
2006-07-12	25.6
2006-07-13	26.3
2006-07-14	26.2
2006-07-15	29.3
2006-07-16	27.2
2006-07-17	29
2006-07-18	27.3
2006-07-19	28.5
2006-07-20	29.7
2006-07-21	28.2
2006-07-22	27.4
2006-07-23	28.4
2006-07-24	27.1
2006-07-25	26.8
2006-07-26	28.8
2006-07-27	26.8
2006-07-28	26.4
2006-07-29	26.9
2006-07-30	27
2006-07-31	26.8
2006-08-01	26.8
2006-08-02	27
2006-08-03	26.8
2006-08-04	26.9
2006-08-05	28.6
2006-08-06	27.8
2006-08-07	27.2
2006-08-08	27.3
2006-08-09	28.4
2006-08-10	29.6
2006-08-11	27.4
2006-08-12	27.2
2006-08-13	27.8
2006-08-14	27.6
2006-08-15	27.2
2006-08-16	27
2006-08-17	27.6
2006-08-18	28.6
2006-08-19	28.6
2006-08-20	27.6
2006-08-21	27.5
2006-08-22	27.4
2006-08-23	27.3
2006-08-24	27.2
2006-08-25	29.2
2006-08-26	28.9
2006-08-27	27.7
2006-08-28	27.5
2006-08-29	26.8
2006-08-30	26.3
2006-08-31	25.9
2006-09-01	25.5
2006-09-02	25.3
2006-09-03	25
2006-09-04	25.5
2006-09-05	24.7
2006-09-06	27
2006-09-07	24.9
2006-09-08	24.5
2006-09-09	23.7
2006-09-10	25
2006-09-11	24.7
2006-09-12	23.7
2006-09-13	24.2
2006-09-14	22.9
2006-09-15	22.5
2006-09-16	22.6
2006-09-17	22.6
2006-09-18	22.7
2006-09-19	23.2
2006-09-20	21
2006-09-21	20.7
2006-09-22	22
2006-09-23	21.2
2006-09-24	19.7
2006-09-25	20.8
2006-09-26	19.8
2006-09-27	20
2006-09-28	19.2
2006-09-29	19.4
2006-09-30	19.4
2006-10-01	18.6
2006-10-02	19.1
2006-10-03	19.5
2006-10-04	20.4
2006-10-05	19.7
2006-10-06	19.7
2006-10-07	19.5
2006-10-08	19.5
2006-10-09	19.3
2006-10-10	18.6
2006-10-11	17.4
2006-10-12	17
2006-10-13	17.2
2006-10-14	16.1
2006-10-15	15.9
2006-10-16	15.7
2006-10-17	15.9
2006-10-18	15.8
2006-10-19	16.4
2006-10-20	15.1
2006-10-21	14.6
2006-10-22	13.4
2006-10-23	13.1
2006-10-24	13
2006-10-25	12.8
2006-10-26	13
2006-10-27	12.7
2006-10-28	12.9
2006-10-29	12.6
2006-10-30	13.7
2006-10-31	12.3
2006-11-01	11.4
2006-11-02	10.9
2006-11-03	10.8
2006-11-04	10.5
2006-11-05	10.3
2006-11-06	12.1
2006-11-07	12.1
2006-11-08	12.1
2006-11-09	11.3
2006-11-10	11.3
2006-11-11	10.9
2006-11-12	10.4
2006-11-13	10
2006-11-14	9.8
2006-11-15	9.6
2006-11-16	9.2
2006-11-17	9.6
2006-11-18	8.5
2006-11-19	9.2
2006-11-20	8.4
2006-11-21	8
2006-11-22	8
2006-11-23	8
2006-11-24	8.9
2006-11-25	8.5
2006-11-26	8.6
2006-11-27	9
2006-11-28	9.1
2006-11-30	7
2006-12-01	6.1
2006-12-02	5.5
2006-12-03	5.2
2006-12-04	5
2006-12-05	4.5
2006-12-06	4.8
2006-12-07	4.5
2006-12-08	3.8
2006-12-09	3.7
2006-12-10	3.5
2006-12-11	3.7
2006-12-12	4.2
2006-12-13	4.3
2006-12-14	4.7
2006-12-15	4.4
2006-12-16	4.8
2006-12-17	4.9
2006-12-18	4.6
2006-12-19	4.2
2006-12-20	4.5
2006-12-21	4.4
2006-12-22	4.8
2006-12-23	4.7
2006-12-24	4.8
2006-12-25	4.4
2006-12-26	3.9
2006-12-27	4
2006-12-28	4.1
2006-12-29	4.3
2006-12-30	5.4
2006-12-31	5.1
2007-01-01	4
2007-01-02	4.1
2007-01-03	3.9
2007-01-04	4.2
2007-01-05	4.4
2007-01-06	4.5
2007-01-07	4.1
2007-01-08	4
2007-01-09	4
2007-01-10	3.9
2007-01-11	4.4
2007-01-12	4
2007-01-13	2.5
2007-01-14	1.2
2007-02-22	3
2007-02-23	3.6
2007-02-24	5
2007-02-25	5.1
2007-02-26	6.1
2007-02-27	5.1
2007-02-28	7.9
2007-03-01	7.2
2007-03-02	7
2007-03-03	6
2007-03-04	6.2
2007-03-05	6.1
2007-03-06	6.1
2007-03-07	7.2
2007-03-08	6.8
2007-03-09	9.5
2007-03-10	7.4
2007-03-11	7.2
2007-03-12	9.3
2007-03-13	9.7
2007-03-14	11.8
2007-03-15	11.3
2007-03-16	11
2007-03-17	11.5
2007-03-18	10
2007-03-19	11.2
2007-03-20	10.7
2007-03-21	11.8
2007-03-22	12.3
2007-03-23	12.9
2007-03-24	13.4
2007-03-25	14.1
2007-03-26	14.2
2007-03-27	14.3
2007-03-28	14.7
2007-03-29	15.2
2007-03-30	15.3
2007-03-31	15.2
2007-04-01	16.4
2007-04-02	15.5
2007-04-03	17.1
2007-04-04	15.8
2007-04-05	15
2007-04-06	14
2007-04-07	12.6
2007-04-08	12.1
2007-04-09	11.7
2007-04-10	11.4
2007-04-11	11.2
2007-04-12	11.1
2007-04-13	10.5
2007-04-14	10.6
2007-04-15	10.4
2007-04-16	10.9
2007-04-17	10.8
2007-04-18	12.1
2007-04-19	12.6
2007-04-20	12.1
2007-04-21	13
2007-04-22	14.8
2007-04-23	14.8
2007-04-24	15.1
2007-04-25	15.2
2007-04-26	15.7
2007-04-27	16.2
2007-04-28	15.7
2007-04-29	16.2
2007-04-30	16.3
2007-05-01	16.7
2007-05-02	16.7
2007-05-03	17.2
2007-05-04	16.7
2007-05-05	17.8
2007-05-06	18.2
2007-05-07	18.4
2007-05-08	18.5
2007-05-09	19.7
2007-05-10	20.9
2007-05-11	20.9
2007-05-12	22.1
2007-05-13	22.3
2007-05-14	21.2
2007-05-15	21.4
2007-05-16	20.8
2007-05-17	20.6
2007-05-18	20.3
2007-05-19	20.4
2007-05-20	20.6
2007-05-21	20.5
2007-05-22	20.6
2007-05-23	20.7
2007-05-24	20.9
2007-05-25	20.6
2007-05-26	20.8
2007-05-27	20.8
2007-05-28	20.7
2007-05-29	20.8
2007-05-30	21.8
2007-05-31	21.3
2007-06-01	21.4
2007-06-02	23.4
2007-06-03	23.5
2007-06-04	23.7
2007-06-05	23
2007-06-06	22
2007-06-07	23.7
2007-06-08	22.9
2007-06-09	22.9
2007-06-10	22.8
2007-06-11	22.6
2007-06-12	23.4
2007-06-13	22.7
2007-06-14	22.8
2007-06-15	22.8
2007-06-16	23.3
2007-06-17	23.6
2007-06-18	23.7
2007-06-19	23.7
2007-06-20	23.9
2007-06-21	24.2
2007-06-22	24.7
2007-06-23	26.9
2007-06-24	25.9
2007-06-25	25.3
2007-06-26	24.8
2007-06-27	24.6
2007-06-28	24.7
2007-06-29	24.3
2007-06-30	23.7
2007-07-01	23.4
2007-07-02	23.2
2007-07-03	23.6
2007-07-04	25.9
2007-07-05	24.6
2007-07-06	26.3
2007-07-07	26.3
2007-07-08	26.3
2007-07-09	25.4
2007-07-10	27.3
2007-07-11	27.2
2007-07-12	24.9
2007-07-13	25.4
2007-07-14	28.4
2007-07-15	28.4
2007-07-16	27.1
2007-07-17	27.3
2007-07-18	27.1
2007-07-19	26.5
2007-07-20	26.6
2007-07-21	27.1
2007-07-22	27.5
2007-07-23	27.5
2007-07-24	27
2007-07-25	26.5
2007-07-26	27.1
2007-07-27	28.3
2007-07-28	28.1
2007-07-29	28
2007-07-30	27.2
2007-07-31	26.9
2007-08-01	26.6
2007-08-02	27
2007-08-03	27.9
2007-08-04	27.7
2007-08-05	27.4
2007-08-06	27.5
2007-08-07	27.6
2007-08-08	28
2007-08-09	28
2007-08-10	27.5
2007-08-11	28
2007-08-12	28.8
2007-08-13	29
2007-08-14	28.7
2007-08-15	28.4
2007-08-16	28.7
2007-08-17	28.2
2007-08-18	27.8
2007-08-19	27.6
2007-08-20	27.9
2007-08-21	27.8
2007-08-22	27.6
2007-08-23	27.3
2007-08-24	27.2
2007-08-25	26.9
2007-08-26	27
2007-08-27	27.1
2007-08-28	26.9
2007-08-29	27
2007-08-30	26.8
2007-08-31	26.4
2007-09-01	26.4
2007-09-02	26.4
2007-09-03	26.1
2007-09-04	25.8
2007-09-05	25.5
2007-09-06	25.6
2007-09-07	25.6
2007-09-08	25.4
2007-09-09	25.1
2007-09-10	24.6
2007-09-11	24.2
2007-09-12	23.7
2007-09-13	23.6
2007-09-14	23.5
2007-09-15	22.2
2007-09-16	21.7
2007-09-17	21.6
2007-09-18	21.6
2007-09-19	21.6
2007-09-20	22.1
2007-09-21	22.5
2007-09-22	22.4
2007-09-23	22.2
2007-09-24	22.6
2007-09-25	22.6
2007-09-26	22.1
2007-09-27	21.9
2007-09-28	22.2
2007-09-29	21.8
2007-09-30	21.7
2007-10-01	21.2
2007-10-02	22
2007-10-03	21.3
2007-10-04	21.1
2007-10-05	21.5
2007-10-06	21.6
2007-10-07	21.9
2007-10-08	22
2007-10-09	22
2007-10-10	21.6
2007-10-11	21
2007-10-12	20.6
2007-10-13	20.2
2007-10-14	19.9
2007-10-15	19.6
2007-10-16	18.6
2007-10-17	18.3
2007-10-18	18.1
2007-10-19	17.4
2007-10-20	17
2007-10-21	17
2007-10-22	16.1
2007-10-23	15.8
2007-10-24	15.4
2007-10-25	15.1
2007-10-26	15.6
2007-10-27	14.9
2007-10-28	14.3
2007-10-29	14.2
2007-10-30	14.1
2007-10-31	13.9
2007-11-01	13.4
2007-11-02	14.1
2007-11-03	13.3
2007-11-04	13.1
2007-11-05	13
2007-11-06	12.6
2007-11-07	11.9
2007-11-08	13.7
2007-11-09	12.5
2007-11-10	11.5
2007-11-11	12
2007-11-12	12.6
2007-11-13	12.2
2007-11-14	11.9
2007-11-15	11.5
2007-11-16	11
2007-11-17	12
2007-11-18	10.8
2007-11-19	11.1
2007-11-20	12.1
2007-11-21	11.9
2007-11-22	9.7
2007-11-23	9.1
2007-11-24	8.7
2007-11-25	8.8
2007-11-26	8.6
2007-11-27	7.8
2007-11-28	7.8
2007-11-29	7.5
2007-11-30	7.1
2007-12-01	7.2
2007-12-02	7.2
2007-12-03	6.8
2007-12-04	7.2
2007-12-05	7.3
2007-12-06	6.1
2007-12-07	6
2007-12-08	5.5
2007-12-09	4.5
2007-12-10	3.7
2007-12-11	3.6
2007-12-12	3.1
2007-12-13	2.7
2007-12-14	3.1
2007-12-15	2.8
2007-12-16	1.8
2007-12-17	1.9
2007-12-18	1.9
2007-12-19	2.1
2007-12-20	2.2
2007-12-21	2.5
2007-12-22	2.4
2007-12-23	1.4
2007-12-24	1.4
2007-12-25	1.5
2007-12-26	1.4
2007-12-27	1.4
2007-12-28	1.2
2007-12-29	1
2007-12-30	0.9
2007-12-31	0.9
2008-01-01	0.5
2008-01-02	0.3
2008-01-03	0.3
2008-01-04	0.3
2008-01-05	0.4
2008-01-06	0.7
2008-01-07	0.9
2008-01-08	1.4
2008-01-09	1.6
2008-01-10	1.8
2008-01-11	1.8
2008-01-12	2.1
2008-01-13	2
2008-01-14	1.9
2008-01-15	2.1
2008-01-16	2.1
2008-01-17	1.5
2008-01-18	1.3
2008-01-21	0.5
2008-01-22	0
2008-01-23	0.2
2008-01-24	0.3
2008-01-25	0.4
2008-01-26	0.8
2008-01-27	1
2008-01-28	1.3
2008-01-29	1.4
2008-01-30	1.3
2008-01-31	1.2
2008-02-01	0.9
2008-02-02	0.9
2008-02-03	1.1
2008-02-04	1.7
2008-02-05	1.7
2008-02-06	1.4
2008-02-07	1.5
2008-02-08	2
2008-02-09	2
2008-02-10	2
2008-02-11	2
2008-02-12	2
2008-02-13	1.9
2008-02-14	2.5
2008-02-15	2.2
2008-02-16	2.2
2008-02-17	2.7
2008-02-18	2.6
2008-02-19	2.7
2008-02-20	2.7
2008-02-21	2.3
2008-02-22	2
2008-02-23	2
2008-02-24	2
2008-02-25	3
2008-02-26	2.9
2008-02-27	2.5
2008-02-28	2.8
2008-02-29	3.8
2008-03-01	3.8
2008-03-02	5.9
2008-03-03	5.7
2008-03-04	4.5
2008-03-05	4.8
2008-03-06	4.9
2008-03-07	4.5
2008-03-08	4.1
2008-03-09	5.3
2008-03-10	5.2
2008-03-11	5.2
2008-03-12	6.3
2008-03-13	5.9
2008-03-14	5.9
2008-03-15	6.7
2008-03-16	6.3
2008-03-17	6.2
2008-03-18	6.9
2008-03-19	7.8
2008-03-20	7.2
2008-03-21	8.9
2008-03-22	8.1
2008-03-23	9.1
2008-03-24	8.8
2008-03-25	9.1
2008-03-26	8.6
2008-03-27	8.9
2008-03-28	8.9
2008-03-29	8.8
2008-03-30	9
2008-03-31	10.2
2008-04-01	10.1
2008-04-02	9.6
2008-04-03	10.1
2008-04-04	10.6
2008-04-05	10.1
2008-04-06	11.4
2008-04-07	11
2008-04-08	10.3
2008-04-09	10.2
2008-04-10	10.2
2008-04-11	9.9
2008-04-12	9.6
2008-04-13	10
2008-04-14	9.5
2008-04-15	9.9
2008-04-16	10.4
2008-04-17	11.4
2008-04-18	11.7
2008-04-19	11.4
2008-04-20	11.3
2008-04-21	14.2
2008-04-22	16
2008-04-23	15.2
2008-04-24	13.7
2008-04-25	14.8
2008-04-26	14.7
2008-04-27	14.7
2008-04-28	14.4
2008-04-29	14.2
2008-04-30	14.5
2008-05-01	15.9
2008-05-02	15.8
2008-05-03	15.1
2008-05-04	14.8
2008-05-05	14.8
2008-05-06	15
2008-05-07	15.5
2008-05-08	16.4
2008-05-09	17.1
2008-05-10	16.4
2008-05-11	16.9
2008-05-12	16.1
2008-05-13	17.8
2008-05-14	16.9
2008-05-15	18
2008-05-16	18.5
2008-05-17	20.6
2008-05-18	21.4
2008-05-20	21
2008-05-21	19.4
2008-05-22	19.6
2008-05-23	20.3
2008-05-24	20.4
2008-05-25	21.1
2008-05-26	21.1
2008-05-27	21.3
2008-05-28	21.6
2008-05-29	21.6
2008-05-30	23.5
2008-05-31	23.4
2008-06-01	22.7
2008-06-02	22.8
2008-06-03	25.9
2008-06-04	25.5
2008-06-05	23.9
2008-06-06	24
2008-06-07	24
2008-06-08	24.3
2008-06-09	24.5
2008-06-10	24
2008-06-11	24.2
2008-06-12	25
2008-06-13	25
2008-06-14	24.8
2008-06-15	24.6
2008-06-16	24.5
2008-06-17	24.1
2008-06-18	24.4
2008-06-19	25.3
2008-06-20	25.1
2008-06-21	25.3
2008-06-22	26.4
2008-06-23	24.8
2008-06-24	25
2008-06-25	25.6
2008-06-26	25.8
2008-06-27	25.9
2008-06-28	26.1
2008-06-29	25.8
2008-06-30	25.6
2008-07-01	25.7
2008-07-02	25.8
2008-07-03	25.7
2008-07-04	25.1
2008-07-05	25.7
2008-07-06	25.9
2008-07-07	25.7
2008-07-08	25.5
2008-07-09	25.8
2008-07-10	25.7
2008-07-11	25.6
2008-07-12	25.6
2008-07-13	25.5
2008-07-14	25.4
2008-07-15	25.4
2008-07-16	25.6
2008-07-17	25.7
2008-07-18	25.6
2008-07-19	26
2008-07-20	26.7
2008-07-21	27.1
2008-07-22	27.4
2008-07-23	27.2
2008-07-24	27.1
2008-07-25	27.5
2008-07-26	27
2008-07-27	27.5
2008-07-28	26.9
2008-07-29	26.3
2008-07-30	26.8
2008-07-31	26.6
2008-08-01	28
2008-08-02	27.7
2008-08-03	27.6
2008-08-04	27.4
2008-08-05	29.4
2008-08-06	29
2008-08-07	27.5
2008-08-08	27
2008-08-09	26.2
2008-08-10	26.3
2008-08-11	26.1
2008-08-12	26.6
2008-08-13	25.7
2008-08-14	26.1
2008-08-15	25
2008-08-16	24.9
2008-08-17	24.9
2008-08-18	24.7
2008-08-19	24.6
2008-08-20	24.5
2008-08-21	24.7
2008-08-22	25
2008-08-23	25
2008-08-24	24.8
2008-08-25	24.8
2008-08-26	24.5
2008-08-27	24.6
2008-08-28	25.8
2008-08-29	25.6
2008-08-30	25
2008-08-31	25.1
2008-09-01	25.4
2008-09-02	26.2
2008-09-03	24.6
2008-09-04	23.4
2008-09-05	22.9
2008-09-06	22.4
2008-09-07	22
2008-09-08	21.6
2008-09-09	20.8
2008-09-10	20.5
2008-09-11	20.6
2008-09-12	20.7
2008-09-13	22.2
2008-09-14	22
2008-09-15	21.5
2008-09-16	20.8
2008-09-17	20.7
2008-09-18	20.6
2008-09-19	20.6
2008-09-20	20.7
2008-09-21	20.6
2008-09-22	20.6
2008-09-23	21
2008-09-24	21
2008-09-25	21.3
2008-09-26	21.4
2008-09-27	22.2
2008-09-28	22.1
2008-09-29	22.4
2008-09-30	22.4
2008-10-01	22
2008-10-02	21.1
2008-10-03	20.8
2008-10-04	20.3
2008-10-05	20.2
2008-10-06	20
2008-10-07	19.8
2008-10-08	19.1
2008-10-09	19
2008-10-10	18.8
2008-10-11	18.7
2008-10-12	18.8
2008-10-13	18.7
2008-10-14	18
2008-10-15	17.2
2008-10-16	16.8
2008-10-17	16.9
2008-10-18	16.5
2008-10-19	16.3
2008-10-20	16.1
2008-10-21	15.9
2008-10-22	15.8
2008-10-23	14
2008-10-24	13.8
2008-10-25	13.4
2008-10-26	13.3
2008-10-27	12.8
2008-10-28	12.1
2008-10-29	11.9
2008-10-30	12
2008-10-31	13.2
2008-11-01	12.8
2008-11-02	12.3
2008-11-03	12.7
2008-11-04	13.1
2008-11-05	13.9
2008-11-06	14
2008-11-07	12.7
2008-11-08	12
2008-11-09	11.4
2008-11-10	11.1
2008-11-11	10.8
2008-11-12	11.4
2008-11-13	11
2008-11-14	10.5
2008-11-15	9.6
2008-11-16	10.1
2008-11-17	9.4
2008-11-18	9
2008-11-19	9.2
2008-11-20	8.7
2008-11-21	7.9
2008-11-22	7.4
2008-11-23	7.3
2008-11-24	7.1
2008-11-25	7.7
2008-11-26	7.5
2008-11-27	7.2
2008-11-28	6.5
2008-11-29	6.7
2008-11-30	6.2
2008-12-01	5.4
2008-12-02	5.4
2008-12-03	5.4
2008-12-04	4.7
2008-12-05	4.1
2008-12-06	4.1
2008-12-07	4.1
2008-12-08	4.4
2008-12-09	4.5
2008-12-10	3
2008-12-11	3.2
2008-12-12	3.2
2008-12-13	3.6
2008-12-14	3.6
2008-12-15	2.3
2008-12-16	2.1
2008-12-17	1.8
2008-12-18	1.5
2008-12-19	1.5
2008-12-20	1.2
2008-12-21	0
2008-12-22	-0.1
2008-12-23	-0.1
2008-12-24	0.1
2008-12-25	0.2
2009-02-15	4.9
2009-02-16	4.8
2009-02-17	5.3
2009-02-18	6.2
2009-02-19	5.9
2009-02-20	5.8
2009-02-21	5.6
2009-02-22	5.2
2009-02-23	5.3
2009-02-24	5.2
2009-02-25	6.1
2009-02-26	7.6
2009-02-27	7.6
2009-02-28	5.6
2009-03-01	4.7
2009-03-02	4.7
2009-03-03	4.6
2009-03-04	4.8
2009-03-05	5.4
2009-03-06	6.1
2009-03-07	6.7
2009-03-08	8.5
2009-03-09	7.2
2009-03-10	7.5
2009-03-11	7.1
2009-03-12	6.1
2009-03-13	6.1
2009-03-14	7.7
2009-03-15	6.5
2009-03-16	6.8
2009-03-17	7.8
2009-03-18	9.2
2009-03-19	8.1
2009-03-20	8.4
2009-03-21	9.1
2009-03-22	9.9
2009-03-23	11.5
2009-03-24	11.9
2009-03-25	11.5
2009-03-26	11
2009-03-27	10.7
2009-03-28	8.3
2009-03-29	7.8
2009-03-30	8.4
2009-03-31	8.2
2009-04-01	8.1
2009-04-02	8.3
2009-04-03	8.2
2009-04-04	8.7
2009-04-05	8.6
2009-04-06	7.8
2009-04-07	7.7
2009-04-08	8.1
2009-04-09	8.2
2009-04-10	9.5
2009-04-11	9.3
2009-04-12	8.6
2009-04-13	9.4
2009-04-14	9.4
2009-04-15	9.5
2009-04-16	10.4
2009-04-17	10.7
2009-04-18	11.2
2009-04-19	12.8
2009-04-20	13.8
2009-04-21	13.2
2009-04-22	12.9
2009-04-23	13.3
2009-04-24	14
2009-04-25	16.6
2009-04-26	15.4
2009-04-27	15.5
2009-04-28	14.9
2009-04-29	15
2009-04-30	15.5
2009-05-01	15.5
2009-05-02	15.5
2009-05-03	15.5
2009-05-04	15.7
2009-05-05	15.5
2009-05-06	17.5
2009-05-07	17.4
2009-05-08	17.6
2009-05-09	17.9
2009-05-10	18.1
2009-05-11	17
2009-05-12	17
2009-05-13	19
2009-05-14	18.3
2009-05-15	18.5
2009-05-16	18.5
2009-05-17	18.2
2009-05-18	18.3
2009-05-19	18.3
2009-05-20	18.5
2009-05-21	19
2009-05-22	18.9
2009-05-23	19.3
2009-05-24	19.6
2009-05-25	21.3
2009-05-26	24.2
2009-05-27	23.7
2009-05-28	22.1
2009-05-29	21.5
2009-05-30	22.9
2009-05-31	22.9
2009-06-01	22.1
2009-06-02	22.7
2009-06-03	21.8
2009-06-04	26
2009-06-05	22
2009-06-06	22.3
2009-06-07	23.4
2009-06-08	23.2
2009-06-09	23.7
2009-06-10	22.7
2009-06-11	23.8
2009-06-12	26.1
2009-06-13	25.4
2009-06-14	22.9
2009-06-15	24
2009-06-16	23.6
2009-06-17	23.7
2009-06-18	24.5
2009-06-19	24.7
2009-06-20	24.6
2009-06-21	25.6
2009-06-22	26.9
2009-06-23	26.1
2009-06-24	28.2
2009-06-25	30.4
2009-06-26	29.9
2009-06-27	30.1
2009-06-28	30.1
2009-06-29	28.1
2009-06-30	29.4
2009-07-01	30.4
2009-07-02	27.4
2009-07-03	26.5
2009-07-04	27.8
2009-07-05	27.1
2009-07-06	27
2009-07-07	26.1
2009-07-08	25.7
2009-07-09	25.9
2009-07-10	25.9
2009-07-11	27.2
2009-07-12	29.6
2009-07-13	27.4
2009-07-14	27.5
2009-07-15	27.2
2009-07-16	26.9
2009-07-17	27.3
2009-07-18	28.1
2009-07-19	26.8
2009-07-20	26
2009-07-21	26
2009-07-22	27
2009-07-23	26.4
2009-07-24	26.2
2009-07-25	25.9
2009-07-26	26.3
2009-07-27	26.2
2009-07-28	26.7
2009-07-29	26.6
2009-07-30	25.4
2009-07-31	25.3
2009-08-01	25.4
2009-08-02	25.2
2009-08-03	25.7
2009-08-04	26.6
2009-08-05	25.5
2009-08-06	25.2
2009-08-07	25.6
2009-08-08	25.8
2009-08-09	26
2009-08-10	26.5
2009-08-11	26.2
2009-08-12	26.6
2009-08-13	26.4
2009-08-14	25.8
2009-08-15	25.8
2009-08-16	28.6
2009-08-17	26.4
2009-08-18	25.8
2009-08-19	25.4
2009-08-20	25.9
2009-08-21	26.8
2009-08-22	25.4
2009-08-23	24.8
2009-08-24	24.7
2009-08-25	25.2
2009-08-26	25
2009-08-27	25.4
2009-08-28	25.8
2009-08-29	26.1
2009-08-30	25.3
2009-08-31	24.3
2009-09-01	23.8
2009-09-02	23.4
2009-09-03	23.1
2009-09-04	24
2009-09-05	23.4
2009-09-06	23
2009-09-07	22.8
2009-09-08	22.7
2009-09-09	23.2
2009-09-10	23
2009-09-11	22.7
2009-09-12	22.7
2009-09-13	22.6
2009-09-14	22.7
2009-09-15	22.5
2009-09-16	22.5
2009-09-17	22.5
2009-09-18	22.5
2009-09-19	22.2
2009-09-20	22
2009-09-21	21.8
2009-09-22	21.8
2009-09-23	21.3
2009-09-24	21.1
2009-09-25	20.7
2009-09-26	22
2009-09-27	22.2
2009-09-28	20.9
2009-09-29	19.8
2009-09-30	19.4
2009-10-01	19.4
2009-10-02	18.7
2009-10-03	19.1
2009-10-04	17.6
2009-10-05	17.4
2009-10-06	17.1
2009-10-07	16.6
2009-10-08	16.3
2009-10-09	15.4
2009-10-10	15
2009-10-11	13.7
2009-10-12	13.2
2009-10-13	12.9
2009-10-14	12.8
2009-10-15	12.8
2009-10-16	13.5
2009-10-17	12.9
2009-10-18	12.3
2009-10-19	12.4
2009-10-20	12.9
2009-10-21	13.3
2009-10-22	13.4
2009-10-23	12.9
2009-10-24	12.4
2009-10-25	12.6
2009-10-26	12.3
2009-10-27	12.2
2009-10-28	12
2009-10-29	12.1
2009-10-30	11.9
2009-10-31	12.5
2009-11-01	11.5
2009-11-02	12
2009-11-03	11.4
2009-11-04	11.7
2009-11-05	11.4
2009-11-06	11.7
2009-11-07	11.9
2009-11-08	12.1
2009-11-09	12.4
2009-11-10	12.4
2009-11-11	12.4
2009-11-12	12.5
2009-11-13	13.1
2009-11-14	13
2009-11-15	12.6
2009-11-16	11.8
2009-11-17	10.7
2009-11-18	11.4
2009-11-19	10.1
2009-11-20	9.9
2009-11-21	10
2009-11-22	9.9
2009-11-23	9.9
2009-11-24	9.7
2009-11-25	9.3
2009-11-26	10
2009-11-27	8.8
2009-11-28	8.8
2009-11-29	8.7
2009-11-30	9.3
2009-12-01	8.4
2009-12-02	8.1
2009-12-03	7.3
2009-12-04	6.2
2009-12-05	5.8
2009-12-06	5.6
2009-12-07	5
2009-12-08	4.3
2009-12-09	2.8
2009-12-10	1.8
2009-12-11	1.8
2009-12-12	1.8
2009-12-13	2
2009-12-14	2
2009-12-15	1
2009-12-16	1
2009-12-17	1.2
2009-12-18	1.3
2009-12-19	1.2
2009-12-20	1.4
2009-12-21	1.5
2009-12-22	1.5
2009-12-23	1.7
2009-12-24	1.6
2010-02-26	1.6
2010-02-27	1.9
2010-02-28	2.2
2010-03-01	2.3
2010-03-02	2.3
2010-03-03	3.2
2010-03-04	3.2
2010-03-05	3.7
2010-03-06	4.5
2010-03-07	5.5
2010-03-08	4.8
2010-03-09	6.8
2010-03-10	7
2010-03-11	6.4
2010-03-12	6.5
2010-03-13	6.8
2010-03-14	7.1
2010-03-15	7.6
2010-03-16	8
2010-03-17	7.3
2010-03-18	7.4
2010-03-19	8.1
2010-03-20	7.2
2010-03-21	6
2010-03-22	6.1
2010-03-23	6.5
2010-03-24	7.2
2010-03-25	7.7
2010-03-26	7.7
2010-03-27	7.6
2010-03-28	8.8
2010-03-29	8.4
2010-03-30	8.6
2010-03-31	9.4
2010-04-01	10.3
2010-04-02	13.4
2010-04-03	12.7
2010-04-04	12.3
2010-04-05	12.7
2010-04-06	15.3
2010-04-07	15
2010-04-08	14.2
2010-04-09	13.5
2010-04-10	13.5
2010-04-11	14.1
2010-04-12	14.4
2010-04-13	14.7
2010-04-14	15.2
2010-04-15	15.5
2010-04-16	16.4
2010-04-17	15.5
2010-04-18	15.5
2010-04-19	15.6
2010-04-20	15.8
2010-04-21	16
2010-04-22	15.9
2010-04-23	16.1
2010-04-24	17.2
2010-04-25	16.9
2010-04-26	16.7
2010-04-27	17
2010-04-28	16.1
2010-04-29	16
2010-04-30	16.6
2010-05-01	16.8
2010-05-02	17.6
2010-05-03	19.4
2010-05-04	17.5
2010-05-05	18.8
2010-05-06	17.6
2010-05-07	18
2010-05-08	17.9
2010-05-09	17
2010-05-10	16.8
2010-05-11	16.7
2010-05-12	16.9
2010-05-13	18.1
2010-05-14	17.2
2010-05-15	16.8
2010-05-16	18.8
2010-05-17	19.1
2010-05-18	17.7
2010-05-19	16.9
2010-05-20	17
2010-05-21	18
2010-05-22	18.1
2010-05-23	19
2010-05-24	19.7
2010-05-25	21.3
2010-05-26	21.5
2010-05-27	21.2
2010-05-28	21.7
2010-05-29	21.2
2010-05-30	23.8
2010-05-31	23.8
2010-06-01	23.4
2010-06-02	22.9
2010-06-03	24.1
2010-06-04	24.1
2010-06-05	25.7
2010-06-06	25.4
2010-06-07	24.3
2010-06-08	24.2
2010-06-09	26.2
2010-06-10	24.4
2010-06-11	24.6
2010-06-12	24.9
2010-06-13	25
2010-06-14	25.3
2010-06-15	27.1
2010-06-16	25.1
2010-06-17	25.3
2010-06-18	25.8
2010-06-19	25.9
2010-06-20	26.3
2010-06-21	26.7
2010-06-22	26.9
2010-06-23	30.2
2010-06-24	27.5
2010-06-25	27.3
2010-06-26	27.5
2010-06-27	29
2010-06-28	28.4
2010-06-29	27.3
2010-06-30	26.8
2010-07-01	26.7
2010-07-02	26.4
2010-07-03	26.4
2010-07-04	26.3
2010-07-05	25.9
2010-07-06	25.6
2010-07-07	26.2
2010-07-08	25.9
2010-07-09	25.7
2010-07-10	26.2
2010-07-11	28.1
2010-07-12	27.8
2010-07-13	26.5
2010-07-14	27.2
2010-07-15	27.5
2010-07-16	26.9
2010-07-17	28
2010-07-18	27.9
2010-07-19	28
2010-07-20	27.9
2010-07-21	27.9
2010-07-22	27.8
2010-07-23	27.6
2010-07-24	30.3
2010-07-25	28.7
2010-07-26	28.5
2010-07-27	28.5
2010-07-28	28.1
2010-07-29	28.5
2010-07-30	28.5
2010-07-31	28.2
2010-08-01	27.9
2010-08-02	28.6
2010-08-03	29.3
2010-08-04	30.3
2010-08-05	28.8
2010-08-06	28.5
2010-08-07	28.5
2010-08-08	28.6
2010-08-09	28.4
2010-08-10	28.7
2010-08-11	29.8
2010-08-12	29.3
2010-08-13	28.8
2010-08-14	28.8
2010-08-15	28.4
2010-08-16	27.5
2010-08-17	27.3
2010-08-18	27.6
2010-08-19	27
2010-08-20	27.2
2010-08-21	28.5
2010-08-22	28.1
2010-08-23	26.8
2010-08-24	26.7
2010-08-25	26.5
2010-08-26	26.3
2010-08-27	26
2010-08-28	25.7
2010-08-29	25.3
2010-08-30	25.3
2010-08-31	25.5
2010-09-01	25.4
2010-09-02	26.4
2010-09-03	24.9
2010-09-04	24.5
2010-09-05	24.2
2010-09-06	23.6
2010-09-07	23.4
2010-09-08	23
2010-09-09	23.9
2010-09-10	24.7
2010-09-11	24.6
2010-09-12	23.5
2010-09-13	23.8
2010-09-14	23.8
2010-09-15	23.7
2010-09-16	23.7
2010-09-17	23.8
2010-09-18	24.2
2010-09-19	24.9
2010-09-20	23.9
2010-09-21	23.7
2010-09-22	23.7
2010-09-23	23.7
2010-09-24	23.6
2010-09-25	23.1
2010-09-26	22.6
2010-09-27	22.3
2010-09-28	22.2
2010-09-29	22.4
2010-09-30	22.3
2010-10-01	22.2
2010-10-02	21.3
2010-10-03	20.7
2010-10-04	20.1
2010-10-05	19.6
2010-10-06	19.5
2010-10-07	19.2
2010-10-08	19.2
2010-10-09	20.8
2010-10-10	19.6
2010-10-11	19.5
2010-10-12	19.2
2010-10-13	18.6
2010-10-14	18.2
2010-10-15	18.1
2010-10-16	18.2
2010-10-17	18
2010-10-18	18.4
2010-10-19	18.5
2010-10-20	18.6
2010-10-21	17.5
2010-10-22	17.5
2010-10-23	17.4
2010-10-24	17.6
2010-10-25	17.2
2010-10-26	17
2010-10-27	16.3
2010-10-28	15.5
2010-10-29	14.9
2010-10-30	15.4
2010-10-31	14.5
2010-11-01	14.1
2010-11-02	13.5
2010-11-03	13.2
2010-11-04	13
2010-11-05	12.8
2010-11-06	12
2010-11-07	11.6
2010-11-08	11.5
2010-11-09	11.5
2010-11-10	12
2010-11-11	11.6
2010-11-12	11.4
2010-11-13	10.6
2010-11-14	10.5
2010-11-15	10.3
2010-11-16	10.8
2010-11-17	10.2
2010-11-18	9.3
2010-11-19	9
2010-11-20	9.6
2010-11-21	9.3
2010-11-22	9.3
2010-11-23	8.9
2010-11-24	8.6
2010-11-25	8.1
2010-11-26	7.5
2010-11-27	7.3
2010-11-28	6.9
2010-11-29	6.8
2010-11-30	6
2010-12-01	5.7
2010-12-02	6.3
2010-12-03	5.5
2010-12-04	5.5
2010-12-05	5.2
2010-12-06	5.2
2010-12-07	4.7
2010-12-08	4.6
2010-12-09	4.7
2010-12-10	4.6
2010-12-11	4.6
2010-12-12	3.2
2010-12-13	3.2
2010-12-14	3.2
2010-12-15	2.9
2010-12-16	2.8
2010-12-17	2.5
2010-12-18	2.5
2010-12-19	2.5
2010-12-20	2.5
2010-12-21	2.8
2010-12-22	2.5
2010-12-23	2.2
2010-12-24	2.1
2010-12-25	1.8
2010-12-26	1.6
2010-12-27	1.6
2010-12-28	1.5
2010-12-29	1.7
2010-12-30	2
2010-12-31	2.1
2011-01-01	1.3
2011-01-02	1.2
2011-01-03	1
2011-01-04	0.9
2011-01-05	1
2011-01-06	1.3
2011-01-07	1.2
2011-01-08	1.4
2011-01-09	1.4
2011-01-10	1.1
2011-01-11	0.2
2011-01-12	0.1
2011-01-13	0.1
2011-01-14	0.2
2011-01-15	0.3
2011-01-16	0.4
2011-01-17	0.6
2011-01-18	0.7
2011-01-19	0.8
2011-01-20	1
2011-01-21	1
2011-01-22	1.1
2011-01-23	1.3
2011-01-24	1.3
2011-01-25	1.5
2011-01-26	1.6
2011-01-27	1.9
2011-01-28	2
2011-01-29	2.1
2011-01-30	2.3
2011-01-31	2.3
2011-02-01	2.2
2011-02-02	1.6
2011-02-03	1.1
2011-02-04	1
2011-02-05	1.2
2011-02-06	1.2
2011-02-07	1.4
2011-02-08	1.6
2011-02-09	1.6
2011-02-10	1.3
2011-02-11	1.5
2011-02-12	1.6
2011-02-13	1.7
2011-02-14	1.8
2011-02-15	2.1
2011-02-16	2.2
2011-02-17	2.3
2011-02-18	2.9
2011-02-19	3.1
2011-02-20	4
2011-02-21	4.7
2011-02-22	4.4
2011-02-23	5.6
2011-02-24	4.5
2011-02-25	3.9
2011-02-26	3.5
2011-02-27	3.8
2011-02-28	3.4
2011-03-01	4.4
2011-03-02	4.7
2011-03-03	4.4
2011-03-04	5
2011-03-05	5
2011-03-06	4.5
2011-03-07	4.5
2011-03-08	4.6
2011-03-09	5.2
2011-03-10	6.4
2011-03-11	5.4
2011-03-12	6.6
2011-03-13	5.8
2011-03-14	5.8
2011-03-15	6.5
2011-03-16	6.5
2011-03-17	9.2
2011-03-18	8.6
2011-03-19	7.9
2011-03-20	9
2011-03-21	9.6
2011-03-22	11.3
2011-03-23	12.1
2011-03-24	11.7
2011-03-25	11.4
2011-03-26	10.8
2011-03-27	10.4
2011-03-28	9.6
2011-03-29	9.5
2011-03-30	9.2
2011-03-31	9.9
2011-04-01	12.8
2011-04-02	10.9
2011-04-03	12.7
2011-04-04	13
2011-04-05	11.4
2011-04-06	12.2
2011-04-07	11.8
2011-04-08	12.3
2011-04-09	12.6
2011-04-10	15.2
2011-04-11	15.4
2011-04-12	14.6
2011-04-13	14.9
2011-04-14	14.8
2011-04-15	14.8
2011-04-16	14.6
2011-04-17	13.9
2011-04-18	13.4
2011-04-19	14.1
2011-04-20	13.6
2011-04-21	13.4
2011-04-22	14.9
2011-04-23	13.8
2011-04-24	13.6
2011-04-25	13.6
2011-04-26	13.7
2011-04-27	13.6
2011-04-28	14.3
2011-04-29	13.8
2011-04-30	15.1
2011-05-01	14.9
2011-05-02	16.2
2011-05-03	17
2011-05-04	15.4
2011-05-05	15.8
2011-05-06	14.8
2011-05-07	14.8
2011-05-08	15.8
2011-05-09	16.9
2011-05-10	17.5
2011-05-11	17.5
2011-05-12	19.5
2011-05-13	18.9
2011-05-14	17.4
2011-05-15	17
2011-05-16	19.8
2011-05-17	16
2011-05-18	15.9
2011-05-19	16.4
2011-05-20	16.7
2011-05-21	17.8
2011-05-22	22
2011-05-23	21.5
2011-05-24	17.2
2011-05-25	18.4
2011-05-26	19.5
2011-05-27	19.7
2011-05-28	18.2
2011-05-29	19.2
2011-05-30	19.9
2011-05-31	23.2
2011-06-01	21.2
2011-06-02	21.1
2011-06-03	21.8
2011-06-04	22.3
2011-06-05	23.1
2011-06-06	23.3
2011-06-07	23.1
2011-06-08	23.2
2011-06-09	23.4
2011-06-10	24.9
2011-06-11	24.1
2011-06-12	23.2
2011-06-13	23.9
2011-06-14	25.7
2011-06-15	25.1
2011-06-16	23.8
2011-06-17	23.7
2011-06-18	24.2
2011-06-19	24.6
2011-06-20	24.7
2011-06-21	24.4
2011-06-22	24.6
2011-06-23	24.2
2011-06-24	23.9
2011-06-25	26.2
2011-06-26	24.8
2011-06-27	25.5
2011-06-28	24.9
2011-06-29	25.5
2011-06-30	25.8
2011-07-01	25.8
2011-07-02	26.8
2011-07-03	25.9
2011-07-04	29
2011-07-05	30.9
2011-07-06	26.2
2011-07-07	27
2011-07-08	28.8
2011-07-09	26.5
2011-07-10	28.1
2011-07-11	27.2
2011-07-12	26.8
2011-07-13	26.5
2011-07-14	26.7
2011-07-15	27
2011-07-16	27.1
2011-07-17	27.6
2011-07-18	27.6
2011-07-19	27.7
2011-07-20	27.7
2011-07-21	27.9
2011-07-22	28.2
2011-07-23	28.3
2011-07-24	29.5
2011-07-25	28.5
2011-07-26	28.1
2011-07-27	27.7
2011-07-28	27.7
2011-07-29	30.5
2011-07-30	29.1
2011-07-31	30.5
2011-08-01	29.4
2011-08-02	31.3
2011-08-03	29.5
2011-08-04	30.2
2011-08-05	31
2011-08-06	29.7
2011-08-07	33.2
2011-08-08	28.5
2011-08-09	28.6
2011-08-17	27.1
2011-08-18	27.4
2011-08-19	27.4
2011-08-20	27.1
2011-08-21	26.5
2011-08-22	26.2
2011-08-23	26.6
2011-08-24	29.2
2011-08-25	26.8
2011-08-26	26.2
2011-08-27	26
2011-08-28	26.1
2011-08-29	25.8
2011-08-30	27.6
2011-08-31	27
2011-09-01	26
2011-09-02	26.2
2011-09-03	27.1
2011-09-04	25.8
2011-09-05	24.8
2011-09-06	25.5
2011-09-07	23.5
2011-09-08	23.8
2011-09-09	23.8
2011-09-10	23.5
2011-09-11	26.1
2011-09-12	22.6
2011-09-13	23.1
2011-09-14	22.4
2011-09-15	21.7
2011-09-16	21
2011-09-17	20.3
2011-09-18	20.8
2011-09-19	20.3
2011-09-20	20.5
2011-09-21	20.1
2011-09-22	21.6
2011-09-23	22.2
2011-09-24	19.6
2011-09-25	19.3
2011-09-26	19.5
2011-09-27	21
2011-09-28	21.7
2011-09-29	22.1
2011-09-30	22.3
2011-10-01	19.2
2011-10-02	18.8
2011-10-03	18.7
2011-10-04	18.6
2011-10-05	18.4
2011-10-06	18.3
2011-10-07	18.1
2011-10-08	17.9
2011-10-09	17.7
2011-10-10	19.1
2011-10-11	17.8
2011-10-12	19.5
2011-10-13	18.2
2011-10-14	17.8
2011-10-15	17.5
2011-10-16	17.7
2011-10-17	17.2
2011-10-18	16.2
2011-10-19	15.3
2011-10-20	15.6
2011-10-21	14.6
2011-10-22	15.2
2011-10-23	17.9
2011-10-24	16
2011-10-25	16.1
2011-10-26	15.5
2011-10-27	14
2011-10-28	14.6
2011-10-29	13.6
2011-10-30	13.3
2011-10-31	13.5
2011-11-01	13.3
2011-11-02	13.1
2011-11-03	11.6
2011-11-04	11.2
2011-11-05	10.9
2011-11-06	11.1
2011-11-07	10.4
2011-11-08	10.1
2011-11-09	9.6
2011-11-10	11.9
2011-11-11	10.4
2011-11-12	9.7
2011-11-13	11
2011-11-14	9.8
2011-11-15	10.4
2011-11-16	9.4
2011-11-17	8.5
2011-11-18	8.2
2011-11-19	8.8
2011-11-20	7.7
2011-11-21	7.2
2011-11-22	7.6
2011-11-23	7.6
2011-11-24	7.4
2011-11-25	7.7
2011-11-26	8.3
2011-11-27	7.5
2011-11-28	7
2011-11-29	6.8
2011-11-30	6.5
2011-12-01	6.3
2011-12-02	5.7
2011-12-03	5.6
2011-12-04	5.4
2011-12-05	4.9
2011-12-06	3.3
2011-12-07	3.1
2011-12-08	3.3
2011-12-09	3
2011-12-10	2.8
2011-12-11	2.7
2011-12-12	2.8
2011-12-13	2.8
2011-12-14	3.2
2011-12-15	3.5
2011-12-16	3.4
2011-12-17	3.4
2011-12-18	3.6
2011-12-19	3.9
2011-12-20	3.7
2011-12-21	3.2
2011-12-22	3.2
2011-12-23	2.8
2011-12-24	2.2
2011-12-25	2.3
2011-12-26	2.5
2011-12-27	2.6
2011-12-28	2.8
2011-12-29	2.8
2011-12-30	3.5
2011-12-31	3.8
2012-01-01	3.7
2012-01-02	3.6
2012-01-03	3.1
2012-01-04	3.3
2012-01-05	3.4
2012-01-06	3.6
2012-01-07	3.7
2012-01-08	3.5
2012-01-09	3.4
2012-01-10	3.5
2012-01-11	3.5
2012-01-12	2.9
2012-01-13	2.1
2012-01-14	2.2
2012-01-15	2.4
2012-01-16	2.6
2012-01-17	2.6
2012-01-18	1.9
2012-01-19	1.8
2012-01-20	1.5
2012-01-21	1
2012-01-22	1.6
2012-01-23	1.2
2012-01-24	1.6
2012-01-25	1.8
2012-01-26	2.5
2012-01-27	2.6
2012-01-28	2.3
2012-01-29	2.4
2012-01-30	2.6
2012-01-31	3.9
2012-02-01	3.7
2012-02-02	3.8
2012-02-03	4
2012-02-04	4.6
2012-02-05	5
2012-02-06	4.9
2012-02-07	4.6
2012-02-08	4.1
2012-02-09	3.8
2012-02-10	3.8
2012-02-11	3
2012-02-12	2.5
2012-02-13	2.2
2012-02-14	2
2012-02-15	2.3
2012-02-16	2.6
2012-02-17	2.7
2012-02-18	3
2012-02-19	3.1
2012-02-20	3.7
2012-02-21	3.6
2012-02-22	4.3
2012-02-23	5.5
2012-02-24	5.5
2012-02-25	5.4
2012-02-26	7.9
2012-02-27	7.2
2012-02-28	5.4
2012-02-29	6.2
2012-03-01	7.2
2012-03-02	7.9
2012-03-03	7.2
2012-03-04	7.6
2012-03-05	7.3
2012-03-06	7.8
2012-03-07	9.9
2012-03-08	10
2012-03-09	10
2012-03-10	8.5
2012-03-11	8.4
2012-03-12	10
2012-03-13	9.5
2012-03-14	10.4
2012-03-15	11.2
2012-03-16	11.7
2012-03-17	13
2012-03-18	13.8
2012-03-19	14.1
2012-03-20	13.8
2012-03-21	13.9
2012-03-22	13.7
2012-03-23	14.5
2012-03-24	15.1
2012-03-25	14.9
2012-03-26	14.4
2012-03-27	16.2
2012-03-28	15.2
2012-03-29	16.3
2012-03-30	18
2012-03-31	18.2
2012-04-01	18.1
2012-04-02	17.3
2012-04-03	18.1
2012-04-04	19.3
2012-04-05	18.4
2012-04-06	17.5
2012-04-07	17.1
2012-04-08	16.9
2012-04-09	16.8
2012-04-10	16.4
2012-04-11	16.3
2012-04-12	16.4
2012-04-13	17.5
2012-04-14	16.5
2012-04-15	17
2012-04-16	16.8
2012-04-17	16.9
2012-04-18	16.9
2012-04-19	18.1
2012-04-20	17.5
2012-04-21	17.7
2012-04-22	17.9
2012-04-23	17.4
2012-04-24	17.6
2012-04-25	21
2012-04-26	19.4
2012-04-27	17.2
2012-04-28	18.1
2012-04-29	20
2012-04-30	19.1
2012-05-01	18.7
2012-05-02	19.7
2012-05-03	21
2012-05-04	21.1
2012-05-05	21.3
2012-05-06	22.2
2012-05-07	22.2
2012-05-08	23.6
2012-05-09	21.4
2012-05-10	21
2012-05-11	20.7
2012-05-12	20.4
2012-05-13	20.7
2012-05-14	21.3
2012-05-15	21.6
2012-05-16	21.3
2012-05-17	20.1
2012-05-18	20.6
2012-05-19	21.2
2012-05-20	22
2012-05-21	23.6
2012-05-22	21
2012-05-23	21.4
2012-05-24	25.2
2012-05-25	22.9
2012-05-26	22.8
2012-05-27	22.9
2012-05-28	24.4
2012-05-29	25
2012-05-30	22.7
2012-05-31	22.6
2012-06-01	22.1
2012-06-02	23.1
2012-06-03	22.1
2012-06-04	27.3
2012-06-05	22.7
2012-06-06	22
2012-06-07	22.5
2012-06-08	23.1
2012-06-09	22.8
2012-06-10	23.9
2012-06-11	24.6
2012-06-12	24.5
2012-06-13	24.1
2012-06-14	24.3
2012-06-15	24.8
2012-06-16	26.4
2012-06-17	25.2
2012-06-18	25
2012-06-19	25
2012-06-20	25
2012-06-21	25.4
2012-06-22	24.9
2012-06-23	24.8
2012-06-24	26
2012-06-25	28.5
2012-06-26	26.5
2012-06-27	25.9
2012-06-28	26.5
2012-06-29	26.6
2012-06-30	26.5
2012-07-01	26.6
2012-07-02	26.7
2012-07-03	26.9
2012-07-04	26.9
2012-07-05	27
2012-07-06	27.8
2012-07-07	28.4
2012-07-08	28.4
2012-07-09	28.3
2012-07-10	27.9
2012-07-11	29.1
2012-07-12	28.4
2012-07-13	27.8
2012-07-14	27.7
2012-07-15	27
2012-07-16	27.4
2012-07-17	27.5
2012-07-18	27.7
2012-07-19	28.7
2012-07-20	27.4
2012-07-21	27.1
2012-07-22	27.4
2012-07-23	27.6
2012-07-24	27.8
2012-07-25	27.7
2012-07-26	27.5
2012-07-27	29.1
2012-07-28	28.6
2012-07-29	29
2012-07-30	28.8
2012-07-31	28.3
2012-08-01	28.1
2012-08-02	28.4
2012-08-03	28.3
2012-08-04	29.4
2012-08-05	28.1
2012-08-06	27.5
2012-08-07	27.2
2012-08-08	29.3
2012-08-09	28.7
2012-08-10	27.8
2012-08-11	26.7
2012-08-12	27.2
2012-08-13	26.6
2012-08-14	25.7
2012-08-15	25.7
2012-08-16	25.6
2012-08-17	25.5
2012-08-18	25.7
2012-08-19	25.4
2012-08-20	26.8
2012-08-21	24.6
2012-08-22	23.8
2012-08-23	23.6
2012-08-24	23.5
2012-08-25	23.9
2012-08-26	24.6
2012-08-27	24.3
2012-08-28	24.8
2012-08-29	25.9
2012-08-30	25.3
2012-08-31	26.4
2012-09-01	28.5
2012-09-02	27.1
2012-09-03	26.6
2012-09-04	26.7
2012-09-05	28.4
2012-09-06	27.8
2012-09-07	27
2012-09-08	25.1
2012-09-09	24.4
2012-09-10	23.9
2012-09-11	23.7
2012-09-12	23.2
2012-09-13	22.6
2012-09-14	21.1
2012-09-15	20.7
2012-09-16	21.3
2012-09-17	22.6
2012-09-18	22
2012-09-19	21
2012-09-20	20.6
2012-09-21	21.2
2012-09-22	20.6
2012-09-23	19.9
2012-09-24	19.5
2012-09-25	20.6
2012-09-26	19.4
2012-09-27	20
2012-09-28	19.7
2012-09-29	19.7
2012-09-30	19.8
2012-10-01	19.5
2012-10-02	20.6
2012-10-03	19.1
2012-10-04	18.7
2012-10-05	18.1
2012-10-06	17
2012-10-07	17.4
2012-10-08	16.4
2012-10-09	17
2012-10-10	16.1
2012-10-11	15.2
2012-10-12	15
2012-10-13	15.2
2012-10-14	16.6
2012-10-15	16.6
2012-10-16	16.5
2012-10-17	17.1
2012-10-18	16
2012-10-19	14.2
2012-10-20	14.5
2012-10-21	14.6
2012-10-22	14.9
2012-10-23	15.3
2012-10-24	16.1
2012-10-25	16.2
2012-10-26	15.1
2012-10-27	13.7
2012-10-28	13.3
2012-10-29	12.9
2012-10-30	15.4
2012-10-31	14.3
2012-11-01	13.3
2012-11-02	13.2
2012-11-03	13.1
2012-11-04	12.6
2012-11-05	12.3
2012-11-06	12.3
2012-11-07	11.8
2012-11-08	11.8
2012-11-09	12.2
2012-11-10	12.8
2012-11-11	12.8
2012-11-12	11.8
2012-11-13	11.2
2012-11-14	11
2012-11-15	10.6
2012-11-16	10.4
2012-11-17	10.1
2012-11-18	10
2012-11-19	11.3
2012-11-20	11.5
2012-11-21	10
2012-11-22	11.5
2012-11-23	10.9
2012-11-24	9.6
2012-11-25	9.5
2012-11-26	9.1
2012-11-27	8.2
2012-11-28	8
2012-11-29	8.3
2012-11-30	9.1
2012-12-01	8.8
2012-12-02	8.4
2012-12-03	9.7
2012-12-04	10.2
2012-12-05	8.7
2012-12-06	9.2
2012-12-07	8.7
2012-12-08	8.1
2012-12-09	7.9
2012-12-10	6.8
2012-12-11	6.4
2012-12-12	5.9
2012-12-13	5.4
2012-12-14	5.1
2012-12-15	5.6
2012-12-16	5.9
2012-12-17	5.5
2013-01-12	1.8
2013-01-13	1.2
2013-01-14	1.1
2013-01-15	1.2
2013-01-16	1.4
2013-01-17	1.7
2013-01-18	2
2013-01-19	2.3
2013-01-20	2.9
2013-01-21	2.2
2013-01-22	2.3
2013-01-23	2.6
2013-01-24	2.5
2013-01-25	2
2013-01-26	2.1
2013-01-27	2.8
2013-01-28	3.7
2013-01-29	5.2
2013-01-30	5.3
2013-01-31	3.9
2013-02-01	3.1
2013-02-02	3.1
2013-02-03	3.5
2013-02-04	5
2013-02-05	5.2
2013-02-06	4.2
2013-02-07	6.2
2013-02-08	4.9
2013-02-09	4.6
2013-02-10	5.1
2013-02-11	5.3
2013-02-12	5
2013-02-13	5.1
2013-02-14	5.1
2013-02-15	4.8
2013-02-16	4.3
2013-02-17	4.7
2013-02-18	5.6
2013-02-19	6.1
2013-02-20	4.8
2013-02-21	4.3
2013-02-22	2.8
2013-02-23	2.5
2013-02-24	3.8
2013-02-25	3.3
2013-02-26	2.8
2013-02-27	3.1
2013-02-28	3
2013-03-01	2.8
2013-03-02	2.6
2013-03-03	3
2013-03-04	3.8
2013-03-05	4.3
2013-03-06	3.8
2013-03-07	4
2013-03-08	4.6
2013-03-09	5.8
2013-03-10	5.8
2013-03-11	5.2
2013-03-12	7.1
2013-03-13	6.1
2013-03-14	8
2013-03-15	7.3
2013-03-16	7.9
2013-03-17	7.4
2013-03-18	8.4
2013-03-19	8.4
2013-03-20	7.7
2013-03-21	7.4
2013-03-22	8.8
2013-03-23	7.3
2013-03-24	6.7
2013-03-25	5.5
2013-03-26	5.4
2013-03-27	6.3
2013-03-28	6.3
2013-03-29	5.9
2013-03-30	9.1
2013-03-31	10.1
2013-04-01	9.7
2013-04-02	8.6
2013-04-03	8.1
2013-04-04	8.8
2013-04-05	8.7
2013-04-06	10.5
2013-04-07	10.3
2013-04-08	9.8
2013-04-09	11.6
2013-04-10	10.7
2013-04-11	10
2013-04-12	10.6
2013-04-13	9.8
2013-04-14	12.2
2013-04-15	11.7
2013-04-16	10.8
2013-04-17	10.4
2013-04-18	9.8
2013-04-19	9.9
2013-04-20	9.1
2013-04-21	9.7
2013-04-22	10.6
2013-04-23	10.3
2013-04-24	11.2
2013-04-25	10.2
2013-04-26	9.8
2013-04-27	10.3
2013-04-28	10.8
2013-04-29	11.9
2013-04-30	13.3
2013-05-01	13.7
2013-05-02	12.3
2013-05-03	12
2013-05-04	11.8
2013-05-05	12.6
2013-05-06	12.2
2013-05-07	11.8
2013-05-08	13
2013-05-09	15.8
2013-05-10	16.5
2013-05-11	16.7
2013-05-12	15.7
2013-05-13	15.7
2013-05-14	16.8
2013-05-15	17.2
2013-05-16	17.4
2013-05-17	17.7
2013-05-18	18.1
2013-05-19	19.6
2013-05-20	22.2
2013-05-21	21.9
2013-05-22	21.7
2013-05-23	21.1
2013-05-24	20.4
2013-05-25	20.7
2013-05-26	21
2013-05-27	21.6
2013-05-28	22.1
2013-05-29	22.1
2013-05-30	22.6
2013-05-31	23.3
2013-06-01	23.1
2013-06-02	22.9
2013-06-03	21.5
2013-06-04	22.4
2013-06-05	22.6
2013-06-06	23.3
2013-06-07	22.3
2013-06-08	21.8
2013-06-09	24.9
2013-06-10	24.1
2013-06-11	23.9
2013-06-12	24.6
2013-06-13	23.5
2013-06-14	23.9
2013-06-15	24.5
2013-06-16	24.4
2013-06-17	25.2
2013-06-18	25.2
2013-06-19	24.5
2013-06-20	25
2013-06-21	25.3
2013-06-22	25.3
2013-06-23	25.3
2013-06-24	25.1
2013-06-25	25.2
2013-06-26	25.1
2013-06-27	26
2013-06-28	28.5
2013-06-29	28.3
2013-06-30	27.1
2013-07-01	26
2013-07-02	25.8
2013-07-03	25.1
2013-07-04	24.7
2013-07-05	24.3
2013-07-06	24
2013-07-07	24.4
2013-07-08	25
2013-07-09	25.6
2013-07-10	26
2013-07-11	24.9
2013-07-12	25.8
2013-07-13	26.2
2013-07-14	26.8
2013-07-15	26.3
2013-07-16	25.5
2013-07-17	26
2013-07-18	26.4
2013-07-19	26.9
2013-07-20	27.2
2013-07-21	26.4
2013-07-22	25.9
2013-07-23	25.6
2013-07-24	27
2013-07-25	26.7
2013-07-26	26.4
2013-07-27	25.9
2013-07-28	25.4
2013-07-29	24.9
2013-07-30	25
2013-07-31	24.5
2013-08-01	24.4
2013-08-02	24.4
2013-08-03	24.6
2013-08-04	24.9
2013-08-05	25.6
2013-08-06	26.1
2013-08-07	26.1
2013-08-08	27.1
2013-08-09	25.8
2013-08-10	25.3
2013-08-11	25.6
2013-08-12	25.1
2013-08-13	25.6
2013-08-14	24.9
2013-08-15	25.1
2013-08-16	24.5
2013-08-17	24.4
2013-08-18	24.5
2013-08-19	24.8
2013-08-20	25.1
2013-08-21	25.4
2013-08-22	25.3
2013-08-23	25.2
2013-08-24	25.6
2013-08-25	26
2013-08-26	26.4
2013-08-27	26.2
2013-08-28	26.8
2013-08-29	27
2013-08-30	28.3
2013-08-31	27.7
2013-09-01	27.9
2013-09-02	28.4
2013-09-03	28.5
2013-09-04	26.4
2013-09-05	25.7
2013-09-06	26.6
2013-09-07	26.7
2013-09-08	27.1
2013-09-09	26.8
2013-09-10	26
2013-09-11	26.3
2013-09-12	26.2
2013-09-13	25.4
2013-09-14	25
2013-09-15	25.3
2013-09-16	24.8
2013-09-17	24.1
2013-09-18	24.2
2013-09-19	24.1
2013-09-20	23.8
2013-09-21	23.2
2013-09-22	23.2
2013-09-23	22.6
2013-09-24	22.1
2013-09-25	21.8
2013-09-26	21.5
2013-09-27	21.5
2013-09-28	21.3
2013-09-29	21
2013-09-30	20.7
2013-10-01	20.6
2013-10-02	20.7
2013-10-03	21.1
2013-10-04	21.4
2013-10-05	21.1
2013-10-06	19.6
2013-10-07	18.9
2013-10-08	18.8
2013-10-09	18.1
2013-10-10	18.1
2013-10-11	18.2
2013-10-12	18.1
2013-10-13	17.6
2013-10-14	17.5
2013-10-15	17.4
2013-10-16	16.6
2013-10-17	18.2
2013-10-18	16.6
2013-10-19	15
2013-10-20	15.6
2013-10-21	15.8
2013-10-22	15.1
2013-10-23	14.6
2013-10-24	14.4
2013-10-25	13.9
2013-10-26	13.8
2013-10-27	13.6
2013-10-28	13.3
2013-10-29	13.5
2013-10-30	14
2013-10-31	13.7
2013-11-01	13.6
2013-11-02	13.8
2013-11-03	12.8
2013-11-04	13.3
2013-11-05	12.3
2013-11-06	12.1
2013-11-07	12.4
2013-11-08	11.6
2013-11-09	11.5
2013-11-10	11.2
2013-11-11	11.4
2013-11-12	10.7
2013-11-13	10
2013-11-14	9.5
2013-11-15	9.1
2013-11-16	9.4
2013-11-17	9.7
2013-11-18	9.6
2013-11-19	9.2
2013-11-20	9.2
2013-11-21	9.2
2013-11-22	7.9
2013-11-23	7.1
2013-11-24	6.3
2013-11-25	6
2013-11-26	5.7
2013-11-27	5.4
2013-11-28	5
2013-11-29	4.8
2013-11-30	5.1
2013-12-01	4.9
2013-12-02	4.9
2013-12-03	4.9
2013-12-04	5.1
2013-12-05	4.4
2013-12-11	0.6
2013-12-12	0.7
2013-12-13	0.7
2013-12-14	0.8
2013-12-15	0.7
2013-12-16	0.8
2013-12-17	1
2013-12-18	1.4
2013-12-19	1.6
2013-12-20	1.6
2013-12-21	0.8
2013-12-22	0.4
2013-12-23	0.6
2013-12-24	0.6
2013-12-25	0.7
2013-12-26	0.9
2013-12-27	1
2013-12-28	1.2
2013-12-29	1.2
2013-12-30	1.3
2013-12-31	1.4
2014-01-01	1.4
2014-01-02	1.1
2014-01-03	1.2
2014-01-04	1.1
2014-01-05	0.6
2014-01-06	0.1
2014-01-07	0.1
2014-01-08	0.2
2014-01-09	0.3
2014-01-10	0.4
2014-01-11	0.6
2014-01-12	0.8
2014-01-13	0.9
2014-01-14	1.1
2014-01-15	1.2
2014-01-16	1.5
2014-01-17	1.5
2014-01-18	1.6
2014-01-19	1.4
2014-01-20	1.4
2014-01-21	1.2
2014-01-22	1.1
2014-01-23	0.9
2014-01-24	0.6
2014-01-25	0.6
2014-01-26	0.7
2014-01-28	0.3
2014-01-29	0.6
2014-01-30	0.7
2014-01-31	0.6
2014-02-01	0.5
2014-02-02	0.5
2014-02-03	0.5
2014-02-14	0.8
2014-02-15	1
2014-02-16	1.2
2014-02-17	1.4
2014-02-18	1.8
2014-02-19	2
2014-02-21	2.3
2014-02-22	2.2
2014-02-23	2.7
2014-02-24	2.4
2014-02-25	2.4
2014-02-26	2
2014-02-27	1.9
2014-02-28	2.1
2014-03-01	2.1
2014-03-02	1.1
2014-03-03	0.4
2014-03-04	0.5
2014-03-05	0.5
2014-03-06	0.7
2014-03-07	0.8
2014-03-08	1.2
2014-03-09	1.5
2014-03-10	1.9
2014-03-11	3.6
2014-03-12	4.9
2014-03-13	3.9
2014-03-14	5.5
2014-03-15	4.8
2014-03-16	5.3
2014-03-17	5.3
2014-03-18	5.8
2014-03-19	7.5
2014-03-20	6.7
2014-03-21	7.8
2014-03-22	7.3
2014-03-23	7.2
2014-03-24	7.3
2014-03-25	7.2
2014-03-26	6.6
2014-03-27	8.5
2014-03-28	8.3
2014-03-29	9.5
2014-03-30	8
2014-03-31	10.2
2014-04-01	9.8
2014-04-02	12
2014-04-03	11
2014-04-04	10.2
2014-04-05	9.9
2014-04-06	9.5
2014-04-07	10.9
2014-04-08	11.2
2014-04-09	11
2014-04-10	11.9
2014-04-11	11.3
2014-04-12	12.1
2014-04-13	14.1
2014-04-14	13.2
2014-04-15	12.4
2014-04-16	12.1
2014-04-17	12.1
2014-04-18	11.6
2014-04-19	12.2
2014-04-20	12.4
2014-04-21	13.9
2014-04-22	13.5
2014-04-23	13.4
2014-04-24	14.8
2014-04-25	14.7
2014-04-26	15
2014-04-27	15.7
2014-04-28	15.8
2014-04-29	15.1
2014-04-30	13.5
2014-05-01	13.4
2014-05-02	14.5
2014-05-03	14.5
2014-05-04	14.7
2014-05-05	15.2
2014-05-06	16.4
2014-05-07	15.7
2014-05-08	18.8
2014-05-09	18.3
2014-05-10	18.2
2014-05-11	18.4
2014-05-12	18.8
2014-05-13	17.9
2014-05-14	17.9
2014-05-15	18.8
2014-05-16	17.9
2014-05-17	17
2014-05-18	17
2014-05-19	17.8
2014-05-20	18.6
2014-05-21	18.8
2014-05-22	19.5
2014-05-23	20.1
2014-05-24	21
2014-05-25	19.4
2014-05-26	20.2
2014-05-27	20.3
2014-05-28	22.1
2014-05-29	23
2014-05-30	21.9
2014-05-31	21.9
2014-06-01	21.6
2014-06-02	25.4
2014-06-03	25.4
2014-06-04	24.7
2014-06-05	25.5
2014-06-06	25.1
2014-06-07	24.4
2014-06-08	24
2014-06-09	23.2
2014-06-10	23.8
2014-06-11	23.6
2014-06-12	23.6
2014-06-13	23.1
2014-06-14	23.2
2014-06-15	23.2
2014-06-16	23.5
2014-06-17	24.2
2014-06-18	24.6
2014-06-19	26
2014-06-20	26.2
2014-06-21	26.1
2014-06-22	26.3
2014-06-23	25.8
2014-06-24	25.6
2014-06-25	25.7
2014-06-26	25.2
2014-06-27	25
2014-06-28	25
2014-06-29	24.9
2014-06-30	25.5
2014-07-01	25.6
2014-07-02	26.8
2014-07-03	25.7
2014-07-04	25
2014-07-05	25.5
2014-07-06	26.5
2014-07-07	26.5
2014-07-08	26.5
2014-07-09	25.9
2014-07-10	25.3
2014-07-11	26.3
2014-07-12	26.4
2014-07-13	27
2014-07-14	27.8
2014-07-15	27.5
2014-07-16	27.3
2014-07-17	25.8
2014-07-18	25.3
2014-07-19	25.1
2014-07-20	25
2014-07-21	25.4
2014-07-22	26.6
2014-07-23	26.7
2014-07-24	26.6
2014-07-25	26.4
2014-07-26	26.9
2014-07-27	26.9
2014-07-28	26.4
2014-07-29	26.4
2014-07-30	26.2
2014-07-31	25.5
2014-08-01	26.2
2014-08-02	25.9
2014-08-03	26.6
2014-08-04	26.6
2014-08-05	26.5
2014-08-06	26.2
2014-08-07	26.8
2014-08-08	27.2
2014-08-09	26.5
2014-08-10	26.7
2014-08-11	27.4
2014-08-12	27.1
2014-08-13	26.6
2014-08-14	25.9
2014-08-15	26.1
2014-08-16	26
2014-08-17	26.1
2014-08-18	26.1
2014-08-19	26
2014-08-20	26.4
2014-08-21	26.5
2014-08-22	26.7
2014-08-23	26.5
2014-08-24	26.4
2014-08-25	26.3
2014-08-26	25.9
2014-08-27	25.8
2014-08-28	25.7
2014-08-29	26.4
2014-08-30	25.9
2014-08-31	25.5
2014-09-01	25.4
2014-09-02	25
2014-09-03	25.3
2014-09-04	25.4
2014-09-05	25.3
2014-09-06	24.8
2014-09-07	24.2
2014-09-08	24.1
2014-09-09	24.2
2014-09-10	24.1
2014-09-11	23.6
2014-09-12	22.8
2014-09-13	21.5
2014-09-14	20.8
2014-09-15	21.5
2014-09-16	20.9
2014-09-17	21.8
2014-09-18	20.8
2014-09-19	21.7
2014-09-20	22.2
2014-09-21	22.2
2014-09-22	21.8
2014-09-23	21.4
2014-09-24	21.2
2014-09-25	21.4
2014-09-26	21.4
2014-09-27	21
2014-09-28	21.3
2014-09-29	21.3
2014-09-30	21
2014-10-01	21.8
2014-10-02	21.8
2014-10-03	21
2014-10-04	20.4
2014-10-05	19.8
2014-10-06	20.2
2014-10-07	19.7
2014-10-08	19.1
2014-10-09	20.2
2014-10-10	19.6
2014-10-11	18.3
2014-10-12	17.8
2014-10-13	17.6
2014-10-14	16.4
2014-10-15	16.1
2014-10-16	17.1
2014-10-17	16.5
2014-10-18	16.6
2014-10-19	16.1
2014-10-20	16
2014-10-21	16.4
2014-10-22	16.5
2014-10-23	16.7
2014-10-24	17.1
2014-10-25	17.1
2014-10-26	17.2
2014-10-27	17.6
2014-10-28	17.2
2014-10-29	17.1
2014-10-30	16.8
2014-10-31	16.3
2014-11-01	15.1
2014-11-02	14.6
2014-11-03	13.3
2014-11-04	13
2014-11-05	13.1
2014-11-06	12.9
2014-11-07	12.5
2014-11-08	12.4
2014-11-09	12.2
2014-11-13	7.8
2014-11-14	7
2014-11-15	6.7
2014-11-16	6.4
2014-11-17	5.2
2014-11-18	4.7
2014-11-19	4.6
2014-11-20	4.4
2014-11-21	4.3
2014-11-22	4.7
2014-11-23	5.7
2014-11-24	5.7
2014-11-25	5.3
2014-11-26	5
2014-11-27	4.8
2014-11-28	4.8
2014-11-29	5
2014-11-30	5
2014-12-01	4
2014-12-02	4
2014-12-03	3.6
2014-12-04	3.8
2014-12-05	4.9
2014-12-06	4.8
2014-12-07	4.2
2014-12-08	4.9
2014-12-09	4.6
2014-12-10	4.3
2014-12-11	4.5
2014-12-12	4.4
2014-12-13	4.6
2014-12-14	5.7
2014-12-15	6
2014-12-16	5.7
2014-12-17	5.1
2014-12-18	5
2014-12-19	4.8
2014-12-20	4.8
2014-12-21	4.8
2014-12-22	5.2
2014-12-23	4.9
2014-12-24	4.4
2014-12-25	4.4
2014-12-26	4.3
2014-12-27	3.9
2014-12-28	3.4
2014-12-29	3.7
2014-12-30	3.5
2014-12-31	1.9
2015-01-01	1
2015-01-02	1.1
2015-01-03	1.2
2015-01-04	0.6
2015-01-05	0.6
2015-01-06	0.7
2015-01-07	0.7
2015-01-08	0.7
2015-01-09	0.6
2015-01-10	0.7
2015-01-11	0.7
2015-01-12	0.6
2015-01-13	0.7
2015-01-14	0.7
2015-01-15	0.8
2015-01-16	1
2015-01-17	1.1
2015-01-18	1.2
2015-01-19	1.5
2015-01-20	1.5
2015-01-21	1.6
2015-01-22	1.8
2015-01-23	1.9
2015-01-24	1.9
2015-01-25	2.5
2015-01-26	2.4
2015-01-27	2.8
2015-01-28	3.1
2015-01-29	4.8
2015-01-30	4.1
2015-01-31	3.8
2015-02-01	3.6
2015-02-02	2.7
2015-02-03	2.6
2015-02-04	2.6
2015-02-05	2
2015-02-06	2.1
2015-02-07	2.5
2015-02-08	3
2015-02-09	3.4
2015-02-10	3.3
2015-02-11	3.8
2015-02-12	3.4
2015-02-13	4.3
2015-02-14	3.7
2015-02-15	3.3
2015-02-16	3.1
2015-02-17	3.1
2015-02-18	2.8
2015-02-19	2.8
2015-02-20	2.8
2015-02-21	3.1
2015-02-22	3
2015-02-23	2.1
2015-02-24	1.9
2015-02-25	2.3
2015-02-26	2.2
2015-02-27	1.4
2015-02-28	1.4
2015-03-01	1.4
2015-03-02	1.3
2015-03-03	1.6
2015-03-04	1.5
2015-03-05	1.4
2015-03-06	1.7
2015-03-07	1.9
2015-03-08	2.3
2015-03-09	2.8
2015-03-10	4.4
2015-03-11	4.7
2015-03-12	4
